lead_id,company_name,category,address,phone,phone_type,email,website,maps_url,rating,review_count,email_source,social_links,services,lead_score,qualification,qualification_reason,source,collected_at,fetch_status,data_provenance
Lb6543284b1,Spartan Cowork,Coworking space,"METRO STATION, E-309, CRYSTAL PLAZA, OPPOSITE INFINITI MALL, ANDHERI LINK ROAD 1 MINUTE WALK FROM LOWER OSHIWARA, Andheri West, Mumbai, Maharashtra 400053, India",+919920161493,mobile,contact@spartancowork.com,https://spartancowork.com,https://www.google.com/maps/place/?q=place_id:ChIJ-Yf8izy25zsRGf_8nV5UOy0,4.9,175,website_scraped,facebook: https://www.facebook.com/spartancowork.mumbai; instagram: https://www.instagram.com/spartan_cowork; linkedin: https://www.linkedin.com/in/spartan-co-work-1b2933205,"cafeteria, day_pass, hot_desk, meeting_room, open_24x7, parking, private_cabin, virtual_office",100,Hot,direct mobile phone; email found on official website; has website; 3 social profiles; rating 4.9; 175 reviews; 8 services listed on site,google_maps_via_serpapi,2026-10-01T06:44:36+00:00,ok,"{""company_name"": ""google_maps_via_serpapi"", ""phone"": ""google_maps_via_serpapi"", ""address"": ""google_maps_via_serpapi"", ""website"": ""google_maps_via_serpapi"", ""rating"": ""google_maps_via_serpapi"", ""review_count"": ""google_maps_via_serpapi"", ""maps_url"": ""google_maps_via_serpapi"", ""email"": ""website_scraped"", ""social_links"": ""website_scraped"", ""services"": ""website_scraped"", ""lead_score"": ""rule_based""}"
L0065b21867,"THE BOARDROOM Co-working, Andheri West",Coworking space,"Modi House, 1st Floor, Off Link Rd, near Fun Republic, Andheri West, Mumbai, Maharashtra 400053, India",+918104520004,mobile,info@theboardroom.in,https://theboardroom.in,https://www.google.com/maps/place/?q=place_id:ChIJUVKDt5W35zsRQ2Tu2sVKyTw,4.8,293,website_scraped,instagram: https://www.instagram.com/theboardroom.coworking; linkedin: https://www.linkedin.com/company/theboardroom; facebook: https://www.facebook.com/boardroom.coworking,"cafeteria, day_pass, dedicated_desk, meeting_room, open_24x7, private_cabin",100,Hot,direct mobile phone; email found on official website; has website; 3 social profiles; rating 4.8; 293 reviews; 6 services listed on site,google_maps_via_serpapi,2026-10-01T06:44:36+00:00,ok,"{""company_name"": ""google_maps_via_serpapi"", ""phone"": ""google_maps_via_serpapi"", ""address"": ""google_maps_via_serpapi"", ""website"": ""google_maps_via_serpapi"", ""rating"": ""google_maps_via_serpapi"", ""review_count"": ""google_maps_via_serpapi"", ""maps_url"": ""google_maps_via_serpapi"", ""email"": ""website_scraped"", ""social_links"": ""website_scraped"", ""services"": ""website_scraped"", ""lead_score"": ""rule_based""}"
Ld45d71770b,Sunrise Tower,Coworking space,"C-10, MIDC Central Rd, Marol MIDC Industry Estate, Andheri East, Mumbai, Maharashtra 400093, India",+918879781166,mobile,mkt@sunriseprince.com,https://sunriseprince.in,https://www.google.com/maps/place/?q=place_id:ChIJz-pGI7PJ5zsRShdVvqMsgPQ,4.7,102,website_scraped,facebook: https://www.facebook.com/Sunrise-Tower-145252392345137; x: https://twitter.com/mktsunrise; linkedin: https://www.linkedin.com/in/sunrise-tower-45457591; instagram: https://www.instagram.com/sunrisetower,"dedicated_desk, hot_desk, meeting_room, open_24x7, private_cabin, virtual_office",100,Hot,direct mobile phone; email found on official website; has website; 4 social profiles; rating 4.7; 102 reviews; 6 services listed on site,google_maps_via_serpapi,2026-10-01T06:44:36+00:00,ok,"{""company_name"": ""google_maps_via_serpapi"", ""phone"": ""google_maps_via_serpapi"", ""address"": ""google_maps_via_serpapi"", ""website"": ""google_maps_via_serpapi"", ""rating"": ""google_maps_via_serpapi"", ""review_count"": ""google_maps_via_serpapi"", ""maps_url"": ""google_maps_via_serpapi"", ""email"": ""website_scraped"", ""social_links"": ""website_scraped"", ""services"": ""website_scraped"", ""lead_score"": ""rule_based""}"
L0cdb212847,Kowork,Coworking space,"Sidhgiri Business Centre, 101, Swami Vivekanand Rd, opp. INDRAPRASTHA SHOPPING CENTRE, next to V.I.P. Showroom, Mangal Kunj, Datta Park, Borivali West, Mumbai, Maharashtra 400092, India",+919004092930,mobile,info@kowork.co.in,https://kowork.co.in,https://www.google.com/maps/place/?q=place_id:ChIJAfEF2hux5zsRJ3GjbnM8YVQ,4.7,237,website_scraped,facebook: https://www.facebook.com/kowork.co.in; instagram: http://instagram.com/kowork.co.in; linkedin: https://www.linkedin.com/in/kowork,"cafeteria, day_pass, dedicated_desk, event_space, meeting_room, open_24x7, private_cabin, virtual_office",100,Hot,direct mobile phone; email found on official website; has website; 3 social profiles; rating 4.7; 237 reviews; 8 services listed on site,google_maps_via_serpapi,2026-10-01T06:45:00+00:00,ok,"{""company_name"": ""google_maps_via_serpapi"", ""phone"": ""google_maps_via_serpapi"", ""address"": ""google_maps_via_serpapi"", ""website"": ""google_maps_via_serpapi"", ""rating"": ""google_maps_via_serpapi"", ""review_count"": ""google_maps_via_serpapi"", ""maps_url"": ""google_maps_via_serpapi"", ""email"": ""website_scraped"", ""social_links"": ""website_scraped"", ""services"": ""website_scraped"", ""lead_score"": ""rule_based""}"
L09d04d50f5,Quest Coworks,Coworking space,"5th floor, Technopolis Knowledge Park, Mahakali Caves Rd, Chakala, Hanuman Nagar, Andheri East, Mumbai, Maharashtra 400093, India",+919205309756,mobile,info@questcoworks.in,https://questcoworks.in,https://www.google.com/maps/place/?q=place_id:ChIJo9dT0BnJ5zsR-Sz1tc5dTYQ,4.3,546,website_scraped,facebook: https://www.facebook.com/questcoworks; linkedin: https://www.linkedin.com/company/quest-coworks; instagram: https://www.instagram.com/questcoworks,"day_pass, event_space, meeting_room, parking, private_cabin, virtual_office",97,Hot,direct mobile phone; email found on official website; has website; 3 social profiles; rating 4.3; 546 reviews; 6 services listed on site,google_maps_via_serpapi,2026-10-01T06:44:36+00:00,ok,"{""company_name"": ""google_maps_via_serpapi"", ""phone"": ""google_maps_via_serpapi"", ""address"": ""google_maps_via_serpapi"", ""website"": ""google_maps_via_serpapi"", ""rating"": ""google_maps_via_serpapi"", ""review_count"": ""google_maps_via_serpapi"", ""maps_url"": ""google_maps_via_serpapi"", ""email"": ""website_scraped"", ""social_links"": ""website_scraped"", ""services"": ""website_scraped"", ""lead_score"": ""rule_based""}"
Lcbeece4f6d,Innov8,Coworking space,"Boston House 7th Floor Gundavali, Suren Road, Chakala, Andheri East, Mumbai, Maharashtra 400093, India",+919999466688,mobile,info@innov8.work,https://innov8.work/coworking-space/mumbai/boston-house-andheri-east-6447d29b27e6c20001281193,https://www.google.com/maps/place/?q=place_id:ChIJQ4flDjLI5zsRSwkv7Ww_WnE,4.3,217,website_scraped,facebook: https://www.facebook.com/innov8.work; instagram: https://www.instagram.com/innov8.work; x: https://twitter.com/innov8cowork; linkedin: https://in.linkedin.com/company/innov8-workspaces,"cafeteria, dedicated_desk, event_space, hot_desk, meeting_room, private_cabin, virtual_office",97,Hot,direct mobile phone; email found on official website; has website; 4 social profiles; rating 4.3; 217 reviews; 7 services listed on site,google_maps_via_serpapi,2026-10-01T06:44:38+00:00,ok,"{""company_name"": ""google_maps_via_serpapi"", ""phone"": ""google_maps_via_serpapi"", ""address"": ""google_maps_via_serpapi"", ""website"": ""google_maps_via_serpapi"", ""rating"": ""google_maps_via_serpapi"", ""review_count"": ""google_maps_via_serpapi"", ""maps_url"": ""google_maps_via_serpapi"", ""email"": ""website_scraped"", ""social_links"": ""website_scraped"", ""services"": ""website_scraped"", ""lead_score"": ""rule_based""}"
L48ab9bf6fc,Pinaki Workspace,Coworking space,"Lodha Supremus, Senapati Bapat Marg, Railway Colony, Lower Parel, Mumbai, Maharashtra 400013, India",+919152000407,mobile,sales@pinakiworkspace.com,https://pinakiworkspace.com,https://www.google.com/maps/place/?q=place_id:ChIJl7zJA5nP5zsR-WG5Jwu6ikc,4.4,123,website_scraped,facebook: https://www.facebook.com/p/Pinakiworkspace-100094283359557; instagram: https://www.instagram.com/pinakiiworkspace; linkedin: https://in.linkedin.com/company/pinakiworkspace; youtube: https://www.youtube.com/@PinakiWorkspace,"cafeteria, day_pass, dedicated_desk, hot_desk, meeting_room, open_24x7, private_cabin, virtual_office",97,Hot,direct mobile phone; email found on official website; has website; 4 social profiles; rating 4.4; 123 reviews; 8 services listed on site,google_maps_via_serpapi,2026-10-01T06:44:48+00:00,ok,"{""company_name"": ""google_maps_via_serpapi"", ""phone"": ""google_maps_via_serpapi"", ""address"": ""google_maps_via_serpapi"", ""website"": ""google_maps_via_serpapi"", ""rating"": ""google_maps_via_serpapi"", ""review_count"": ""google_maps_via_serpapi"", ""maps_url"": ""google_maps_via_serpapi"", ""email"": ""website_scraped"", ""social_links"": ""website_scraped"", ""services"": ""website_scraped"", ""lead_score"": ""rule_based""}"
La1e19f3dd8,"Lets Work Co-working space in Mumbai, Ghatkopar West",Coworking space,"Raheja Plaza, A Wing 501 & 502, Lal Bahadur Shastri Marg, near Rcity Mall, Nityanand Nagar, Ghatkopar West, Mumbai, Maharashtra 400086, India",+919324303386,mobile,sales@letswork.co.in,https://letswork.co.in,https://www.google.com/maps/place/?q=place_id:ChIJn73ToUjH5zsRTeUqQikJfus,4.6,37,website_scraped,x: https://x.com/letsworkmumbai; instagram: https://www.instagram.com/letswork.co.in; linkedin: https://www.linkedin.com/company/letswork-co-in-,"cafeteria, day_pass, dedicated_desk, event_space, hot_desk, meeting_room, parking, private_cabin, virtual_office",97,Hot,direct mobile phone; email found on official website; has website; 3 social profiles; rating 4.6; 37 reviews; 9 services listed on site,google_maps_via_serpapi,2026-10-01T06:44:54+00:00,ok,"{""company_name"": ""google_maps_via_serpapi"", ""phone"": ""google_maps_via_serpapi"", ""address"": ""google_maps_via_serpapi"", ""website"": ""google_maps_via_serpapi"", ""rating"": ""google_maps_via_serpapi"", ""review_count"": ""google_maps_via_serpapi"", ""maps_url"": ""google_maps_via_serpapi"", ""email"": ""website_scraped"", ""social_links"": ""website_scraped"", ""services"": ""website_scraped"", ""lead_score"": ""rule_based""}"
L980d167c5c,YesssWorks Goregaon,Coworking space,"1st Floor, 271 Business Park, Model Industrial Estate, near Virwani Industrial Estate, off Western Express Highway, Vishveshwar Nagar, Goregaon East, Mumbai, Maharashtra 400063, India",+918929504480,mobile,contact@yesssworks.com,https://yesssworks.com/goregaon-office.html,https://www.google.com/maps/place/?q=place_id:ChIJMTAvmim35zsRuSe5Or4fgrY,4.5,70,website_scraped,facebook: https://www.facebook.com/yesssworks; x: https://twitter.com/yesssworks; instagram: https://www.instagram.com/yesssworks; linkedin: https://www.linkedin.com/company/14469765,"cafeteria, day_pass, dedicated_desk, hot_desk, meeting_room, open_24x7, parking, private_cabin, virtual_office",97,Hot,direct mobile phone; email found on official website; has website; 4 social profiles; rating 4.5; 70 reviews; 9 services listed on site,google_maps_via_serpapi,2026-10-01T06:44:56+00:00,ok,"{""company_name"": ""google_maps_via_serpapi"", ""phone"": ""google_maps_via_serpapi"", ""address"": ""google_maps_via_serpapi"", ""website"": ""google_maps_via_serpapi"", ""rating"": ""google_maps_via_serpapi"", ""review_count"": ""google_maps_via_serpapi"", ""maps_url"": ""google_maps_via_serpapi"", ""email"": ""website_scraped"", ""social_links"": ""website_scraped"", ""services"": ""website_scraped"", ""lead_score"": ""rule_based""}"
L14b07a84ae,Awfis Coworking,Coworking space,"5th Floor, Raheja Titanium, 501 and 502, Western Urban Road, Geetanjali Railway Colony, Ram Nagar, Goregaon East, Mumbai, Maharashtra 400063, India",+917506337725,mobile,info@awfis.com,https://awfis.com/office-space/mumbai/Goregaon%20(East)/coworking-raheja-titanium/office,https://www.google.com/maps/place/?q=place_id:ChIJcd8KZtG35zsRu38oFLbVbfk,4.5,104,website_scraped,facebook: https://www.facebook.com/myawfis; instagram: https://www.instagram.com/myawfis; x: https://twitter.com/myawfis; linkedin: https://www.linkedin.com/company/awfis,"day_pass, event_space, meeting_room, private_cabin, virtual_office",95,Hot,direct mobile phone; email found on official website; has website; 4 social profiles; rating 4.5; 104 reviews; 5 services listed on site,google_maps_via_serpapi,2026-10-01T06:44:56+00:00,ok,"{""company_name"": ""google_maps_via_serpapi"", ""phone"": ""google_maps_via_serpapi"", ""address"": ""google_maps_via_serpapi"", ""website"": ""google_maps_via_serpapi"", ""rating"": ""google_maps_via_serpapi"", ""review_count"": ""google_maps_via_serpapi"", ""maps_url"": ""google_maps_via_serpapi"", ""email"": ""website_scraped"", ""social_links"": ""website_scraped"", ""services"": ""website_scraped"", ""lead_score"": ""rule_based""}"
L1404ebd29e,Lets Work,Coworking space,"6th Floor, VKG Corporate Centre, 601, Andheri - Kurla Rd, near Metro Station Chakala (J B Nagar), above axis bank, Ajit Nagar, J B Nagar, Andheri East, Mumbai, Maharashtra 400059, India",+919324303386,mobile,sales@letswork.co.in,https://letswork.co.in,https://www.google.com/maps/place/?q=place_id:ChIJkaZ_-DjJ5zsR7iShnE9R3Sk,4.7,26,website_scraped,x: https://x.com/letsworkmumbai; instagram: https://www.instagram.com/letswork.co.in; linkedin: https://www.linkedin.com/company/letswork-co-in-,"cafeteria, day_pass, dedicated_desk, event_space, hot_desk, meeting_room, parking, private_cabin, virtual_office",94,Hot,direct mobile phone; email found on official website; has website; 3 social profiles; rating 4.7; 26 reviews; 9 services listed on site,google_maps_via_serpapi,2026-10-01T06:44:36+00:00,ok,"{""company_name"": ""google_maps_via_serpapi"", ""phone"": ""google_maps_via_serpapi"", ""address"": ""google_maps_via_serpapi"", ""website"": ""google_maps_via_serpapi"", ""rating"": ""google_maps_via_serpapi"", ""review_count"": ""google_maps_via_serpapi"", ""maps_url"": ""google_maps_via_serpapi"", ""email"": ""website_scraped"", ""social_links"": ""website_scraped"", ""services"": ""website_scraped"", ""lead_score"": ""rule_based""}"
L16fc7eea83,THE BOARDROOM co-working,Coworking space,"Lemon Tree Premier, Andheri - Kurla Rd, next to HOTEL, Gamdevi, Marol, Andheri East, Mumbai, Maharashtra 400059, India",+918104520004,mobile,info@theboardroom.in,https://theboardroom.in,https://www.google.com/maps/place/?q=place_id:ChIJm0lkUDrJ5zsRJztTBaefe88,4.9,24,website_scraped,instagram: https://www.instagram.com/theboardroom.coworking; linkedin: https://www.linkedin.com/company/theboardroom; facebook: https://www.facebook.com/boardroom.coworking,"cafeteria, day_pass, dedicated_desk, meeting_room, open_24x7, private_cabin",94,Hot,direct mobile phone; email found on official website; has website; 3 social profiles; rating 4.9; 24 reviews; 6 services listed on site,google_maps_via_serpapi,2026-10-01T06:44:36+00:00,ok,"{""company_name"": ""google_maps_via_serpapi"", ""phone"": ""google_maps_via_serpapi"", ""address"": ""google_maps_via_serpapi"", ""website"": ""google_maps_via_serpapi"", ""rating"": ""google_maps_via_serpapi"", ""review_count"": ""google_maps_via_serpapi"", ""maps_url"": ""google_maps_via_serpapi"", ""email"": ""website_scraped"", ""social_links"": ""website_scraped"", ""services"": ""website_scraped"", ""lead_score"": ""rule_based""}"
Lb8f2d8d172,Executive Spaces,Coworking space,"W.E.H, Metro station, 7th Floor, Chandak Chambers, Andheri - Kurla Rd, Andheri East, Mumbai, Maharashtra 400093, India",+919022076787,mobile,support@executivespaces.in,https://executivespaces.in,https://www.google.com/maps/place/?q=place_id:ChIJXbRbx1jJ5zsRN5wUyGS_5dQ,4.7,23,website_scraped,linkedin: https://www.linkedin.com/in/executive-spaces-4a7513191; facebook: https://www.facebook.com/executivespaces; instagram: https://www.instagram.com/executivespaces; x: https://x.com/executivespaces,"cafeteria, dedicated_desk, meeting_room, open_24x7, parking, private_cabin, virtual_office",94,Hot,direct mobile phone; email found on official website; has website; 4 social profiles; rating 4.7; 23 reviews; 7 services listed on site,google_maps_via_serpapi,2026-10-01T06:44:38+00:00,ok,"{""company_name"": ""google_maps_via_serpapi"", ""phone"": ""google_maps_via_serpapi"", ""address"": ""google_maps_via_serpapi"", ""website"": ""google_maps_via_serpapi"", ""rating"": ""google_maps_via_serpapi"", ""review_count"": ""google_maps_via_serpapi"", ""maps_url"": ""google_maps_via_serpapi"", ""email"": ""website_scraped"", ""social_links"": ""website_scraped"", ""services"": ""website_scraped"", ""lead_score"": ""rule_based""}"
Lb7e2cd133c,The Executive Centre,Coworking space,"Level 17, C Wing, Level 12, A Wing, Level 18, C Wing &, B &, Bandra Kurla Complex, Bandra East, Mumbai, Maharashtra 400051, India",+912268073001,landline,mumbai@executivecentre.com,https://executivecentre.com/office-space/mumbai-one-bkc,https://www.google.com/maps/place/?q=place_id:ChIJZ9yRohTJ5zsRxcZBUwzjpws,5,43,website_scraped,facebook: https://www.facebook.com/theexecutivecentre; linkedin: https://www.linkedin.com/company/the-executive-centre; instagram: https://www.instagram.com/theexecutivecentre; youtube: https://www.youtube.com/channel/UCD2AROaznylh5WhlJEa5UOA,"cafeteria, day_pass, event_space, meeting_room, open_24x7, private_cabin, virtual_office",94,Hot,direct landline; email found on official website; has website; 4 social profiles; rating 5; 43 reviews; 7 services listed on site,google_maps_via_serpapi,2026-10-01T06:44:40+00:00,ok,"{""company_name"": ""google_maps_via_serpapi"", ""phone"": ""google_maps_via_serpapi"", ""address"": ""google_maps_via_serpapi"", ""website"": ""google_maps_via_serpapi"", ""rating"": ""google_maps_via_serpapi"", ""review_count"": ""google_maps_via_serpapi"", ""maps_url"": ""google_maps_via_serpapi"", ""email"": ""website_scraped"", ""social_links"": ""website_scraped"", ""services"": ""website_scraped"", ""lead_score"": ""rule_based""}"
L380b1a98e1,Innov8 coworking Space in BKC,Coworking space,"17th Floor, Parinee Crescenzo Kautilya Bhawan-2 B Wing, Bandra Kurla Complex, Mumbai, Maharashtra 400051, India",+919999466688,mobile,info@innov8.work,https://innov8.work/coworking-space/mumbai/parinee-crescanzo-bandra-kurla-complex-666991348c44430001b6fe01,https://www.google.com/maps/place/?q=place_id:ChIJLxAr533J5zsRX7W5ZYG-MWA,4.8,14,website_scraped,facebook: https://www.facebook.com/innov8.work; instagram: https://www.instagram.com/innov8.work; x: https://twitter.com/innov8cowork; linkedin: https://in.linkedin.com/company/innov8-workspaces,"cafeteria, dedicated_desk, event_space, hot_desk, meeting_room, open_24x7, private_cabin, virtual_office",94,Hot,direct mobile phone; email found on official website; has website; 4 social profiles; rating 4.8; 14 reviews; 8 services listed on site,google_maps_via_serpapi,2026-10-01T06:44:40+00:00,ok,"{""company_name"": ""google_maps_via_serpapi"", ""phone"": ""google_maps_via_serpapi"", ""address"": ""google_maps_via_serpapi"", ""website"": ""google_maps_via_serpapi"", ""rating"": ""google_maps_via_serpapi"", ""review_count"": ""google_maps_via_serpapi"", ""maps_url"": ""google_maps_via_serpapi"", ""email"": ""website_scraped"", ""social_links"": ""website_scraped"", ""services"": ""website_scraped"", ""lead_score"": ""rule_based""}"
L396e21326b,The Executive Centre,Coworking space,"Level 6 & 7, MAKER MAXITY, 4, North Ave, Bandra Kurla Complex, Bandra East, Mumbai, Maharashtra 400051, India",+912268133535,landline,mumbai@executivecentre.com,https://executivecentre.com/en-in/office-space/maker-maxity,https://www.google.com/maps/place/?q=place_id:ChIJJVZnb1_J5zsRxP4_UwjKekQ,4.7,60,website_scraped,facebook: https://www.facebook.com/theexecutivecentre; linkedin: https://www.linkedin.com/company/the-executive-centre; instagram: https://www.instagram.com/theexecutivecentre; youtube: https://www.youtube.com/channel/UCD2AROaznylh5WhlJEa5UOA,"cafeteria, day_pass, dedicated_desk, event_space, meeting_room, open_24x7, private_cabin, virtual_office",94,Hot,direct landline; email found on official website; has website; 4 social profiles; rating 4.7; 60 reviews; 8 services listed on site,google_maps_via_serpapi,2026-10-01T06:44:40+00:00,ok,"{""company_name"": ""google_maps_via_serpapi"", ""phone"": ""google_maps_via_serpapi"", ""address"": ""google_maps_via_serpapi"", ""website"": ""google_maps_via_serpapi"", ""rating"": ""google_maps_via_serpapi"", ""review_count"": ""google_maps_via_serpapi"", ""maps_url"": ""google_maps_via_serpapi"", ""email"": ""website_scraped"", ""social_links"": ""website_scraped"", ""services"": ""website_scraped"", ""lead_score"": ""rule_based""}"
L1233c29960,CorporatEdge,Coworking space,"Level 2, Platina Building, G Block BKC, Bandra Kurla Complex, BKC, Mumbai, Maharashtra 400098, India",+918287566777,mobile,enquiries@thecorporatedge.com,https://thecorporatedge.com/work-space/premium-office-space-mumbai/corporatedge-platina,https://www.google.com/maps/place/?q=place_id:ChIJzXIMZHDJ5zsRtLm1fqkppOE,4.8,19,website_scraped,linkedin: https://www.linkedin.com/company/corporatedge; youtube: https://www.youtube.com/@corporatedge; instagram: https://www.instagram.com/corporatedge_workplace,"cafeteria, day_pass, dedicated_desk, meeting_room, private_cabin, virtual_office",94,Hot,direct mobile phone; email found on official website; has website; 3 social profiles; rating 4.8; 19 reviews; 6 services listed on site,google_maps_via_serpapi,2026-10-01T06:44:40+00:00,ok,"{""company_name"": ""google_maps_via_serpapi"", ""phone"": ""google_maps_via_serpapi"", ""address"": ""google_maps_via_serpapi"", ""website"": ""google_maps_via_serpapi"", ""rating"": ""google_maps_via_serpapi"", ""review_count"": ""google_maps_via_serpapi"", ""maps_url"": ""google_maps_via_serpapi"", ""email"": ""website_scraped"", ""social_links"": ""website_scraped"", ""services"": ""website_scraped"", ""lead_score"": ""rule_based""}"
L145d4d9294,The Executive Centre,Coworking space,"Level 3 & 7, The Capital, Plot No. C-70, G Block Rd, G Block BKC, Bandra Kurla Complex, Bandra East, Mumbai, Maharashtra 400051, India",+912249054200,landline,mumbai@executivecentre.com,https://executivecentre.com/en-in/office-space/mumbai-the-capital,https://www.google.com/maps/place/?q=place_id:ChIJr0k7i-3I5zsRlNQGBzOalmo,4.2,106,website_scraped,facebook: https://www.facebook.com/theexecutivecentre; linkedin: https://www.linkedin.com/company/the-executive-centre; instagram: https://www.instagram.com/theexecutivecentre; youtube: https://www.youtube.com/channel/UCD2AROaznylh5WhlJEa5UOA,"cafeteria, day_pass, dedicated_desk, event_space, meeting_room, open_24x7, private_cabin, virtual_office",94,Hot,direct landline; email found on official website; has website; 4 social profiles; rating 4.2; 106 reviews; 8 services listed on site,google_maps_via_serpapi,2026-10-01T06:44:45+00:00,ok,"{""company_name"": ""google_maps_via_serpapi"", ""phone"": ""google_maps_via_serpapi"", ""address"": ""google_maps_via_serpapi"", ""website"": ""google_maps_via_serpapi"", ""rating"": ""google_maps_via_serpapi"", ""review_count"": ""google_maps_via_serpapi"", ""maps_url"": ""google_maps_via_serpapi"", ""email"": ""website_scraped"", ""social_links"": ""website_scraped"", ""services"": ""website_scraped"", ""lead_score"": ""rule_based""}"
La661cb127c,DBS Workspace,Business center,"DBS Heritage House, Prescot Rd, Azad Maidan, Fort, Mumbai, Maharashtra 400001, India",+912240779100,landline,sales@dbsindia.com,https://dbsindia.com/mumbai-fort.php,https://www.google.com/maps/place/?q=place_id:ChIJ____b-nR5zsRKJZ8Q_Mi_rE,4.2,206,website_scraped,facebook: https://www.facebook.com/DBSWorkspace1; x: https://x.com/DBSworkspace; linkedin: https://www.linkedin.com/company/dbs-workspace; instagram: https://www.instagram.com/dbsworkspace,"cafeteria, meeting_room, open_24x7, parking, private_cabin, virtual_office",94,Hot,direct landline; email found on official website; has website; 4 social profiles; rating 4.2; 206 reviews; 6 services listed on site,google_maps_via_serpapi,2026-10-01T06:45:19+00:00,ok,"{""company_name"": ""google_maps_via_serpapi"", ""phone"": ""google_maps_via_serpapi"", ""address"": ""google_maps_via_serpapi"", ""website"": ""google_maps_via_serpapi"", ""rating"": ""google_maps_via_serpapi"", ""review_count"": ""google_maps_via_serpapi"", ""maps_url"": ""google_maps_via_serpapi"", ""email"": ""website_scraped"", ""social_links"": ""website_scraped"", ""services"": ""website_scraped"", ""lead_score"": ""rule_based""}"
Ld5ce4f4209,"BHIVE Platinum Plus BKC, Mumbai",Coworking space,"3rd floor, Unit No. 305, Inspire BKC Rd, G Block BKC, Patthar Nagar, Bandra Kurla Complex, Bandra East, Mumbai, Maharashtra 400051, India",+919538677774,mobile,salesenquiry@bhiveworkspace.com,https://bhiveworkspace.com,https://www.google.com/maps/place/?q=place_id:ChIJuxDNuTzJ5zsRVC_a9WytgKM,4.5,67,website_scraped,youtube: https://www.youtube.com/@AllAbout_RealEstate; facebook: https://www.facebook.com/bhiveworkspace; instagram: https://www.instagram.com/bhiveworkspace; linkedin: https://www.linkedin.com/company/bhive-workspace,"cafeteria, day_pass, hot_desk, meeting_room, virtual_office",92,Hot,direct mobile phone; email found on official website; has website; 4 social profiles; rating 4.5; 67 reviews; 5 services listed on site,google_maps_via_serpapi,2026-10-01T06:44:40+00:00,ok,"{""company_name"": ""google_maps_via_serpapi"", ""phone"": ""google_maps_via_serpapi"", ""address"": ""google_maps_via_serpapi"", ""website"": ""google_maps_via_serpapi"", ""rating"": ""google_maps_via_serpapi"", ""review_count"": ""google_maps_via_serpapi"", ""maps_url"": ""google_maps_via_serpapi"", ""email"": ""website_scraped"", ""social_links"": ""website_scraped"", ""services"": ""website_scraped"", ""lead_score"": ""rule_based""}"
L8ce73b6e78,CorporatEdge,Coworking space,"Level 16, One International Center, Dadar West, Lower Parel, Mumbai, Maharashtra 400013, India",+918287566777,mobile,enquiries@thecorporatedge.com,https://thecorporatedge.com/work-space/premium-office-space-mumbai/corporatedge-one-international-center,https://www.google.com/maps/place/?q=place_id:ChIJCTodgUPP5zsRWKxA46R8j3U,5,6,website_scraped,linkedin: https://www.linkedin.com/company/corporatedge; youtube: https://www.youtube.com/@corporatedge; instagram: https://www.instagram.com/corporatedge_workplace,"cafeteria, day_pass, dedicated_desk, meeting_room, private_cabin, virtual_office",92,Hot,direct mobile phone; email found on official website; has website; 3 social profiles; rating 5; 6 reviews; 6 services listed on site,google_maps_via_serpapi,2026-10-01T06:44:48+00:00,ok,"{""company_name"": ""google_maps_via_serpapi"", ""phone"": ""google_maps_via_serpapi"", ""address"": ""google_maps_via_serpapi"", ""website"": ""google_maps_via_serpapi"", ""rating"": ""google_maps_via_serpapi"", ""review_count"": ""google_maps_via_serpapi"", ""maps_url"": ""google_maps_via_serpapi"", ""email"": ""website_scraped"", ""social_links"": ""website_scraped"", ""services"": ""website_scraped"", ""lead_score"": ""rule_based""}"
L84dcb577e0,Toutle Space Coworking,Coworking space,"Corporate Arena, 502, Sitaram Patkar Rd, Piramal Nagar, Goregaon West, Mumbai, Maharashtra 400104, India",+918652868765,mobile,sales@toutlespace.com,https://toutlespace.com,https://www.google.com/maps/place/?q=place_id:ChIJ2U_rWP635zsRZeE_tIX0ekU,4.7,61,website_scraped,facebook: https://www.facebook.com/toutlespace; linkedin: https://in.linkedin.com/company/toutle-space; instagram: https://www.instagram.com/toutlespace,"day_pass, dedicated_desk, meeting_room, parking, private_cabin",92,Hot,direct mobile phone; email found on official website; has website; 3 social profiles; rating 4.7; 61 reviews; 5 services listed on site,google_maps_via_serpapi,2026-10-01T06:44:56+00:00,ok,"{""company_name"": ""google_maps_via_serpapi"", ""phone"": ""google_maps_via_serpapi"", ""address"": ""google_maps_via_serpapi"", ""website"": ""google_maps_via_serpapi"", ""rating"": ""google_maps_via_serpapi"", ""review_count"": ""google_maps_via_serpapi"", ""maps_url"": ""google_maps_via_serpapi"", ""email"": ""website_scraped"", ""social_links"": ""website_scraped"", ""services"": ""website_scraped"", ""lead_score"": ""rule_based""}"
Lfa77f86f84,Toutle Space,Coworking space,"4th Floor, Co-Op. Premises Ltd, Aditya Industrial Estate, 98-103, behind Evershine Mall, Malad, Chincholi Bunder, Malad West, Mumbai, Maharashtra 400064, India",+919136698816,mobile,sales@toutlespace.com,https://toutlespace.com,https://www.google.com/maps/place/?q=place_id:ChIJZ3f832m35zsRSINedAyC5-w,4.7,71,website_scraped,facebook: https://www.facebook.com/toutlespace; linkedin: https://in.linkedin.com/company/toutle-space; instagram: https://www.instagram.com/toutlespace,"day_pass, dedicated_desk, meeting_room, parking, private_cabin",92,Hot,direct mobile phone; email found on official website; has website; 3 social profiles; rating 4.7; 71 reviews; 5 services listed on site,google_maps_via_serpapi,2026-10-01T06:44:56+00:00,ok,"{""company_name"": ""google_maps_via_serpapi"", ""phone"": ""google_maps_via_serpapi"", ""address"": ""google_maps_via_serpapi"", ""website"": ""google_maps_via_serpapi"", ""rating"": ""google_maps_via_serpapi"", ""review_count"": ""google_maps_via_serpapi"", ""maps_url"": ""google_maps_via_serpapi"", ""email"": ""website_scraped"", ""social_links"": ""website_scraped"", ""services"": ""website_scraped"", ""lead_score"": ""rule_based""}"
Lf5a2bd8d51,Executive Spaces,Coworking space,"Shah Trade Centre, 701 & 702, Rani Sati Rd, Malad, Shantivan Society, Raheja Twp, Malad East, Mumbai, Maharashtra 400097, India",+919022076787,mobile,support@executivespaces.in,https://executivespaces.in,https://www.google.com/maps/place/?q=place_id:ChIJUcqIRiS35zsRbQ3X9PKXWXs,5,4,website_scraped,linkedin: https://www.linkedin.com/in/executive-spaces-4a7513191; facebook: https://www.facebook.com/executivespaces; instagram: https://www.instagram.com/executivespaces; x: https://x.com/executivespaces,"cafeteria, dedicated_desk, meeting_room, open_24x7, parking, private_cabin, virtual_office",92,Hot,direct mobile phone; email found on official website; has website; 4 social profiles; rating 5; 4 reviews; 7 services listed on site,google_maps_via_serpapi,2026-10-01T06:45:00+00:00,ok,"{""company_name"": ""google_maps_via_serpapi"", ""phone"": ""google_maps_via_serpapi"", ""address"": ""google_maps_via_serpapi"", ""website"": ""google_maps_via_serpapi"", ""rating"": ""google_maps_via_serpapi"", ""review_count"": ""google_maps_via_serpapi"", ""maps_url"": ""google_maps_via_serpapi"", ""email"": ""website_scraped"", ""social_links"": ""website_scraped"", ""services"": ""website_scraped"", ""lead_score"": ""rule_based""}"
L8148a592ff,Beyond Space,Coworking space,,+919009006989,mobile,contact@beyondspacework.com,https://beyondspacework.com,https://www.google.com/maps/place/?q=place_id:ChIJbZmH5iKj6EcR_7t1GW3RTfI,5,3,website_scraped,linkedin: https://www.linkedin.com/in/beyond-space-666953a6; instagram: https://www.instagram.com/beyondspace_realestate; youtube: https://youtube.com/@beyondspaceoffical,"day_pass, dedicated_desk, hot_desk, meeting_room, open_24x7, private_cabin, virtual_office",92,Hot,direct mobile phone; email found on official website; has website; 3 social profiles; rating 5; 3 reviews; 7 services listed on site,google_maps_via_serpapi,2026-10-01T06:45:26+00:00,ok,"{""company_name"": ""google_maps_via_serpapi"", ""phone"": ""google_maps_via_serpapi"", ""website"": ""google_maps_via_serpapi"", ""rating"": ""google_maps_via_serpapi"", ""review_count"": ""google_maps_via_serpapi"", ""maps_url"": ""google_maps_via_serpapi"", ""email"": ""website_scraped"", ""social_links"": ""website_scraped"", ""services"": ""website_scraped"", ""lead_score"": ""rule_based""}"
Lb6d5eda70e,The Executive Centre,Coworking space,"Level 1, 2, 3A, First International Financial Centre, Plot Nos C-54 & C-55, G Block Rd, G Block BKC, Bandra Kurla Complex, Bandra East, Mumbai, Maharashtra 400051, India",+912268643838,landline,mumbai@executivecentre.com,https://executivecentre.com/en-in/office-space/first-international-financial-centre,https://www.google.com/maps/place/?q=place_id:ChIJXw0tnG7J5zsRla5x9yPUsE8,4.8,19,website_scraped,facebook: https://www.facebook.com/theexecutivecentre; linkedin: https://www.linkedin.com/company/the-executive-centre; instagram: https://www.instagram.com/theexecutivecentre; youtube: https://www.youtube.com/channel/UCD2AROaznylh5WhlJEa5UOA,"cafeteria, day_pass, dedicated_desk, event_space, meeting_room, open_24x7, private_cabin, virtual_office",91,Hot,direct landline; email found on official website; has website; 4 social profiles; rating 4.8; 19 reviews; 8 services listed on site,google_maps_via_serpapi,2026-10-01T06:44:45+00:00,ok,"{""company_name"": ""google_maps_via_serpapi"", ""phone"": ""google_maps_via_serpapi"", ""address"": ""google_maps_via_serpapi"", ""website"": ""google_maps_via_serpapi"", ""rating"": ""google_maps_via_serpapi"", ""review_count"": ""google_maps_via_serpapi"", ""maps_url"": ""google_maps_via_serpapi"", ""email"": ""website_scraped"", ""social_links"": ""website_scraped"", ""services"": ""website_scraped"", ""lead_score"": ""rule_based""}"
L7c12a257ea,The Executive Centre,Coworking space,"Level 12, Altimus, Pandurang Budhkar Marg, Gopal Nagar, Worli, Mumbai, Maharashtra 400018, India",+912269081201,landline,mumbai@executivecentre.com,https://executivecentre.com/en-in/office-space/mumbai-altimus,https://www.google.com/maps/place/?q=place_id:ChIJBRLR85vP5zsRMTuUSwC6pj0,5,13,website_scraped,facebook: https://www.facebook.com/theexecutivecentre; linkedin: https://www.linkedin.com/company/the-executive-centre; instagram: https://www.instagram.com/theexecutivecentre; youtube: https://www.youtube.com/channel/UCD2AROaznylh5WhlJEa5UOA,"cafeteria, day_pass, event_space, meeting_room, open_24x7, private_cabin, virtual_office",91,Hot,direct landline; email found on official website; has website; 4 social profiles; rating 5; 13 reviews; 7 services listed on site,google_maps_via_serpapi,2026-10-01T06:44:48+00:00,ok,"{""company_name"": ""google_maps_via_serpapi"", ""phone"": ""google_maps_via_serpapi"", ""address"": ""google_maps_via_serpapi"", ""website"": ""google_maps_via_serpapi"", ""rating"": ""google_maps_via_serpapi"", ""review_count"": ""google_maps_via_serpapi"", ""maps_url"": ""google_maps_via_serpapi"", ""email"": ""website_scraped"", ""social_links"": ""website_scraped"", ""services"": ""website_scraped"", ""lead_score"": ""rule_based""}"
L59846294bf,The Executive Centre,Coworking space,"Level 3, Ascent, Sudam Kalu Ahire Marg, Worli, Mumbai, Maharashtra 400025, India",+912269619100,landline,mumbai@executivecentre.com,https://executivecentre.com/en-in/office-space/mumbai-ascent,https://www.google.com/maps/place/?q=place_id:ChIJDauBHfrP5zsRqhcHEct4bEQ,5,21,website_scraped,facebook: https://www.facebook.com/theexecutivecentre; linkedin: https://www.linkedin.com/company/the-executive-centre; instagram: https://www.instagram.com/theexecutivecentre; youtube: https://www.youtube.com/channel/UCD2AROaznylh5WhlJEa5UOA,"cafeteria, day_pass, event_space, meeting_room, open_24x7, private_cabin, virtual_office",91,Hot,direct landline; email found on official website; has website; 4 social profiles; rating 5; 21 reviews; 7 services listed on site,google_maps_via_serpapi,2026-10-01T06:44:48+00:00,ok,"{""company_name"": ""google_maps_via_serpapi"", ""phone"": ""google_maps_via_serpapi"", ""address"": ""google_maps_via_serpapi"", ""website"": ""google_maps_via_serpapi"", ""rating"": ""google_maps_via_serpapi"", ""review_count"": ""google_maps_via_serpapi"", ""maps_url"": ""google_maps_via_serpapi"", ""email"": ""website_scraped"", ""social_links"": ""website_scraped"", ""services"": ""website_scraped"", ""lead_score"": ""rule_based""}"
La4f1c89b28,Workafella Goregaon,Coworking space,"AK Estate, Besides, Swami Vivekanand Rd, next to Radisson Blu Hotel, off Veer Savarkar Flyover, West, Goregaon East, Mumbai, Maharashtra 400062, India",+9118004199807,toll_free,info@workafella.com,https://workafella.com/office-space/coworking-space-in-mumbai,https://www.google.com/maps/place/?q=place_id:ChIJyyix9jq35zsR6OjkVBkxJB0,4.5,394,website_scraped,facebook: https://www.facebook.com/workafella; linkedin: https://www.linkedin.com/company/workafella-india; instagram: https://www.instagram.com/workafella,"cafeteria, day_pass, dedicated_desk, meeting_room, open_24x7, parking, private_cabin",91,Hot,toll-free phone only; email found on official website; has website; 3 social profiles; rating 4.5; 394 reviews; 7 services listed on site,google_maps_via_serpapi,2026-10-01T06:44:56+00:00,ok,"{""company_name"": ""google_maps_via_serpapi"", ""phone"": ""google_maps_via_serpapi"", ""address"": ""google_maps_via_serpapi"", ""website"": ""google_maps_via_serpapi"", ""rating"": ""google_maps_via_serpapi"", ""review_count"": ""google_maps_via_serpapi"", ""maps_url"": ""google_maps_via_serpapi"", ""email"": ""website_scraped"", ""social_links"": ""website_scraped"", ""services"": ""website_scraped"", ""lead_score"": ""rule_based""}"
Lf8d3e1af65,WorkWise Solutions Pvt. Ltd. (Lower Parel),Coworking space,"16th Floor, D wing, Trade World, Kamala Mills Compound,, Senapati Bapat Marg, Lower Parel, Mumbai, Maharashtra 400013, India",+912266441900,landline,accounts@work-wise.com,https://work-wise.com,https://www.google.com/maps/place/?q=place_id:ChIJzSVF0-zO5zsRltButdyTZi4,4.2,165,website_scraped,facebook: https://www.facebook.com/WorkWiseIN; instagram: https://www.instagram.com/work_wise; x: https://www.twitter.com/WorkWise_India; linkedin: https://www.linkedin.com/company/workwise-solutions-private-limited,"day_pass, dedicated_desk, hot_desk, meeting_room, private_cabin",89,Hot,direct landline; email found on official website; has website; 4 social profiles; rating 4.2; 165 reviews; 5 services listed on site,google_maps_via_serpapi,2026-10-01T06:44:50+00:00,ok,"{""company_name"": ""google_maps_via_serpapi"", ""phone"": ""google_maps_via_serpapi"", ""address"": ""google_maps_via_serpapi"", ""website"": ""google_maps_via_serpapi"", ""rating"": ""google_maps_via_serpapi"", ""review_count"": ""google_maps_via_serpapi"", ""maps_url"": ""google_maps_via_serpapi"", ""email"": ""website_scraped"", ""social_links"": ""website_scraped"", ""services"": ""website_scraped"", ""lead_score"": ""rule_based""}"
L6893a421f9,Executive Spaces,Coworking space,"A-5th Floor, Rustomjee Central Park, Andheri - Kurla Rd, opp. Kanakia Wall Street, Andheri East, Mumbai, Maharashtra 400093, India",+919022076787,mobile,support@executivespaces.in,https://executivespaces.in,https://www.google.com/maps/place/?q=place_id:ChIJQxH8Nn_J5zsRN88RP7eIl0Q,3.9,16,website_scraped,linkedin: https://www.linkedin.com/in/executive-spaces-4a7513191; facebook: https://www.facebook.com/executivespaces; instagram: https://www.instagram.com/executivespaces; x: https://x.com/executivespaces,"cafeteria, dedicated_desk, meeting_room, open_24x7, parking, private_cabin, virtual_office",88,Hot,direct mobile phone; email found on official website; has website; 4 social profiles; rating 3.9; 16 reviews; 7 services listed on site,google_maps_via_serpapi,2026-10-01T06:44:38+00:00,ok,"{""company_name"": ""google_maps_via_serpapi"", ""phone"": ""google_maps_via_serpapi"", ""address"": ""google_maps_via_serpapi"", ""website"": ""google_maps_via_serpapi"", ""rating"": ""google_maps_via_serpapi"", ""review_count"": ""google_maps_via_serpapi"", ""maps_url"": ""google_maps_via_serpapi"", ""email"": ""website_scraped"", ""social_links"": ""website_scraped"", ""services"": ""website_scraped"", ""lead_score"": ""rule_based""}"
L65dd8deddc,WeWork Spectrum Tower,Coworking space,"6th floor, 307, Chincholi Bunder Rd, Malad, Rajan Pada, Mindspace, Malad West, Mumbai, Maharashtra 400064, India",+911800123222333,toll_free,support@wework.co.in,https://wework.co.in/mumbai/malad/spectrum-tower,https://www.google.com/maps/place/?q=place_id:ChIJ29wWYzy35zsRhg2VRwmzq20,4.4,357,website_scraped,facebook: https://www.facebook.com/weworkindia; instagram: https://www.instagram.com/wework.in; linkedin: https://www.linkedin.com/company/wework-india; x: https://x.com/weworkindia,"cafeteria, day_pass, meeting_room, parking, private_cabin, virtual_office",88,Hot,toll-free phone only; email found on official website; has website; 4 social profiles; rating 4.4; 357 reviews; 6 services listed on site,google_maps_via_serpapi,2026-10-01T06:44:56+00:00,ok,"{""company_name"": ""google_maps_via_serpapi"", ""phone"": ""google_maps_via_serpapi"", ""address"": ""google_maps_via_serpapi"", ""website"": ""google_maps_via_serpapi"", ""rating"": ""google_maps_via_serpapi"", ""review_count"": ""google_maps_via_serpapi"", ""maps_url"": ""google_maps_via_serpapi"", ""email"": ""website_scraped"", ""social_links"": ""website_scraped"", ""services"": ""website_scraped"", ""lead_score"": ""rule_based""}"
La3964e35f5,Innov8,Coworking space,"4th Floor, RCity Offices, Lal Bahadur Shastri Marg, adjoining RCity Mall, Amrut Nagar, Ghatkopar West, Mumbai, Maharashtra 400086, India",+919999466688,mobile,info@innov8.work,https://innov8.work/coworking-space/mumbai/r-city-ghatkopar-679bbfc8b8e08e00015e1fd8,https://www.google.com/maps/place/?q=place_id:ChIJz835auzH5zsR1EetQMIf1kc,3.7,10,website_scraped,facebook: https://www.facebook.com/innov8.work; instagram: https://www.instagram.com/innov8.work; x: https://twitter.com/innov8cowork; linkedin: https://in.linkedin.com/company/innov8-workspaces,"cafeteria, dedicated_desk, event_space, hot_desk, meeting_room, private_cabin, virtual_office",88,Hot,direct mobile phone; email found on official website; has website; 4 social profiles; rating 3.7; 10 reviews; 7 services listed on site,google_maps_via_serpapi,2026-10-01T06:45:09+00:00,ok,"{""company_name"": ""google_maps_via_serpapi"", ""phone"": ""google_maps_via_serpapi"", ""address"": ""google_maps_via_serpapi"", ""website"": ""google_maps_via_serpapi"", ""rating"": ""google_maps_via_serpapi"", ""review_count"": ""google_maps_via_serpapi"", ""maps_url"": ""google_maps_via_serpapi"", ""email"": ""website_scraped"", ""social_links"": ""website_scraped"", ""services"": ""website_scraped"", ""lead_score"": ""rule_based""}"
Lc1fc4ad192,Star Coworking,Coworking space,"StarCoworking, HMG house, Plot No.33, MIDC Central Rd, Chakala Industrial Area (MIDC), Andheri East, Mumbai, Maharashtra 400093, India",+917506083938,mobile,support@starcoworking.com,https://starcoworking.com,https://www.google.com/maps/place/?q=place_id:ChIJJ4o8eNHJ5zsRLg9gS4dWy3A,4.5,89,website_scraped,,"dedicated_desk, event_space, hot_desk, meeting_room, open_24x7, private_cabin, virtual_office",87,Hot,direct mobile phone; email found on official website; has website; rating 4.5; 89 reviews; 7 services listed on site,google_maps_via_serpapi,2026-10-01T06:44:36+00:00,ok,"{""company_name"": ""google_maps_via_serpapi"", ""phone"": ""google_maps_via_serpapi"", ""address"": ""google_maps_via_serpapi"", ""website"": ""google_maps_via_serpapi"", ""rating"": ""google_maps_via_serpapi"", ""review_count"": ""google_maps_via_serpapi"", ""maps_url"": ""google_maps_via_serpapi"", ""email"": ""website_scraped"", ""services"": ""website_scraped"", ""lead_score"": ""rule_based""}"
L0e29eaf7f6,Teloz Spaces,Coworking space,"1st & 2nd floor, AJ House, Marol Maroshi Rd, Gamdevi, Marol, Andheri East, Mumbai, Maharashtra 400059, India",+917738598741,mobile,admin@telozspaces.com,https://telozspaces.com,https://www.google.com/maps/place/?q=place_id:ChIJ771B0qzJ5zsRmr86BuhHYk0,5,55,website_scraped,,"dedicated_desk, event_space, hot_desk, meeting_room, private_cabin, virtual_office",87,Hot,direct mobile phone; email found on official website; has website; rating 5; 55 reviews; 6 services listed on site,google_maps_via_serpapi,2026-10-01T06:44:38+00:00,ok,"{""company_name"": ""google_maps_via_serpapi"", ""phone"": ""google_maps_via_serpapi"", ""address"": ""google_maps_via_serpapi"", ""website"": ""google_maps_via_serpapi"", ""rating"": ""google_maps_via_serpapi"", ""review_count"": ""google_maps_via_serpapi"", ""maps_url"": ""google_maps_via_serpapi"", ""email"": ""website_scraped"", ""services"": ""website_scraped"", ""lead_score"": ""rule_based""}"
L60b9bde696,Connekt,Coworking space,"Connekt, 4th Floor Second Avenue, Road No 23, MIDC, Seepz, Andheri East, Mumbai, Maharashtra 400093, India",+918141601232,mobile,connekt@connekt.co.in,https://connekt.co.in,https://www.google.com/maps/place/?q=place_id:ChIJu9rTZXTJ5zsRXbFkXPdX0OQ,4.9,58,website_scraped,facebook: https://www.facebook.com/ConnektCoworkingSpace; instagram: https://www.instagram.com/connektcoworking; linkedin: https://www.linkedin.com/company/connektcoworking ; youtube: https://www.youtube.com/channel/UC2ayHcMZug228zEmey8s4vw/about,"day_pass, dedicated_desk, meeting_room, private_cabin",87,Hot,direct mobile phone; email found on official website; has website; 4 social profiles; rating 4.9; 58 reviews; 4 services listed on site,google_maps_via_serpapi,2026-10-01T06:44:38+00:00,ok,"{""company_name"": ""google_maps_via_serpapi"", ""phone"": ""google_maps_via_serpapi"", ""address"": ""google_maps_via_serpapi"", ""website"": ""google_maps_via_serpapi"", ""rating"": ""google_maps_via_serpapi"", ""review_count"": ""google_maps_via_serpapi"", ""maps_url"": ""google_maps_via_serpapi"", ""email"": ""website_scraped"", ""social_links"": ""website_scraped"", ""services"": ""website_scraped"", ""lead_score"": ""rule_based""}"
L73c62e2037,Qdesq,Coworking space,"1st floor, Awfis, Parinee Crescenzo, G Block BKC, Bandra Kurla Complex, Bandra East, Mumbai, Maharashtra 400051, India",+919599870871,mobile,info@qdesq.com,https://qdesq.com/coworking-space/mumbai,https://www.google.com/maps/place/?q=place_id:ChIJJaBEIrbJ5zsR1FZO0FYm_Ug,4.8,8,website_scraped,linkedin: https://www.linkedin.com/in/kjs0127,"cafeteria, dedicated_desk, event_space, hot_desk, meeting_room, open_24x7, private_cabin, virtual_office",87,Hot,direct mobile phone; email found on official website; has website; 1 social profile; rating 4.8; 8 reviews; 8 services listed on site,google_maps_via_serpapi,2026-10-01T06:44:45+00:00,ok,"{""company_name"": ""google_maps_via_serpapi"", ""phone"": ""google_maps_via_serpapi"", ""address"": ""google_maps_via_serpapi"", ""website"": ""google_maps_via_serpapi"", ""rating"": ""google_maps_via_serpapi"", ""review_count"": ""google_maps_via_serpapi"", ""maps_url"": ""google_maps_via_serpapi"", ""email"": ""website_scraped"", ""social_links"": ""website_scraped"", ""services"": ""website_scraped"", ""lead_score"": ""rule_based""}"
L036c4d66db,My Easy offices pvt ltd,Coworking space,"Sant Nirankari Marg, Plot No. 222-231, Gorai Rd, Gorai 1, Borivali West, Mumbai, Maharashtra 400091, India",+919167437326,mobile,info@myeasyoffices.com,https://myeasyoffices.com,https://www.google.com/maps/place/?q=place_id:ChIJPdGgGgCx5zsRSNaFGUVO1iM,5,2,website_scraped,facebook: https://www.facebook.com/profile.php; instagram: https://www.instagram.com/myeasyoffices25,"day_pass, dedicated_desk, open_24x7, private_cabin, virtual_office",87,Hot,direct mobile phone; email found on official website; has website; 2 social profiles; rating 5; 2 reviews; 5 services listed on site,google_maps_via_serpapi,2026-10-01T06:45:02+00:00,ok,"{""company_name"": ""google_maps_via_serpapi"", ""phone"": ""google_maps_via_serpapi"", ""address"": ""google_maps_via_serpapi"", ""website"": ""google_maps_via_serpapi"", ""rating"": ""google_maps_via_serpapi"", ""review_count"": ""google_maps_via_serpapi"", ""maps_url"": ""google_maps_via_serpapi"", ""email"": ""website_scraped"", ""social_links"": ""website_scraped"", ""services"": ""website_scraped"", ""lead_score"": ""rule_based""}"
L2c422431b3,N Bliss Co-Working Space and Business Centre,Coworking space,"fortune emporio 311, opp. Thakur Mall, Mira Road East, Mumbai, Mira Bhayandar, Maharashtra 401107, India",+919769690071,mobile,info@nblisscoworking.in,https://nblisscoworking.in,https://www.google.com/maps/place/?q=place_id:ChIJowfCLCtbTw0R5stFo0tzt1c,5,88,website_scraped,,"cafeteria, dedicated_desk, hot_desk, meeting_room, open_24x7, private_cabin, virtual_office",87,Hot,direct mobile phone; email found on official website; has website; rating 5; 88 reviews; 7 services listed on site,google_maps_via_serpapi,2026-10-01T06:45:24+00:00,ok,"{""company_name"": ""google_maps_via_serpapi"", ""phone"": ""google_maps_via_serpapi"", ""address"": ""google_maps_via_serpapi"", ""website"": ""google_maps_via_serpapi"", ""rating"": ""google_maps_via_serpapi"", ""review_count"": ""google_maps_via_serpapi"", ""maps_url"": ""google_maps_via_serpapi"", ""email"": ""website_scraped"", ""services"": ""website_scraped"", ""lead_score"": ""rule_based""}"
Le938e4c00d,WeWork,Coworking space,"Raheja Platinum, Road, off Andheri - Kurla Road, Sag Baug, Marol, Andheri East, Mumbai, Maharashtra 400059, India",+911800123999000,toll_free,support@wework.co.in,https://wework.com/buildings/raheja-platinum--mumbai,https://www.google.com/maps/place/?q=place_id:ChIJ21WiwxLI5zsRj-mosBHVOlM,4.5,1106,website_scraped,facebook: https://www.facebook.com/weworkindia; instagram: https://www.instagram.com/wework.in; linkedin: https://www.linkedin.com/company/wework-india; x: https://x.com/weworkindia,"day_pass, meeting_room, parking, private_cabin, virtual_office",86,Hot,toll-free phone only; email found on official website; has website; 4 social profiles; rating 4.5; 1106 reviews; 5 services listed on site,google_maps_via_serpapi,2026-10-01T06:44:36+00:00,ok,"{""company_name"": ""google_maps_via_serpapi"", ""phone"": ""google_maps_via_serpapi"", ""address"": ""google_maps_via_serpapi"", ""website"": ""google_maps_via_serpapi"", ""rating"": ""google_maps_via_serpapi"", ""review_count"": ""google_maps_via_serpapi"", ""maps_url"": ""google_maps_via_serpapi"", ""email"": ""website_scraped"", ""social_links"": ""website_scraped"", ""services"": ""website_scraped"", ""lead_score"": ""rule_based""}"
Ld718b804ff,Awfis Vaman Centre,Coworking space,"5th & 6th floor, Vaman Techno Centre, Circle, Makwana Rd, near Web Techneeq, Gamdevi, Marol, Andheri East, Mumbai, Maharashtra 400059, India",+9118602586633,toll_free,info@awfis.com,https://awfis.com/office-space/mumbai/andheri-east/coworking-vaman/office,https://www.google.com/maps/place/?q=place_id:ChIJEZ-kmPPJ5zsR1ihkb-ccqvc,4.5,168,website_scraped,facebook: https://www.facebook.com/myawfis; instagram: https://www.instagram.com/myawfis; x: https://twitter.com/myawfis; linkedin: https://www.linkedin.com/company/awfis,"day_pass, event_space, meeting_room, private_cabin, virtual_office",86,Hot,toll-free phone only; email found on official website; has website; 4 social profiles; rating 4.5; 168 reviews; 5 services listed on site,google_maps_via_serpapi,2026-10-01T06:44:54+00:00,ok,"{""company_name"": ""google_maps_via_serpapi"", ""phone"": ""google_maps_via_serpapi"", ""address"": ""google_maps_via_serpapi"", ""website"": ""google_maps_via_serpapi"", ""rating"": ""google_maps_via_serpapi"", ""review_count"": ""google_maps_via_serpapi"", ""maps_url"": ""google_maps_via_serpapi"", ""email"": ""website_scraped"", ""social_links"": ""website_scraped"", ""services"": ""website_scraped"", ""lead_score"": ""rule_based""}"
L3a4d5382e7,DBS Workspace,Business center,"213, Raheja Chambers, Free Press Journal Road, Nariman Point, Mumbai, Maharashtra 400021, India",+912240509200,landline,sales@dbsindia.com,https://dbsindia.com/mumbai-nariman-point.php,https://www.google.com/maps/place/?q=place_id:ChIJJWhmwuvR5zsR5hhkLjC4YxU,3.8,252,website_scraped,facebook: https://www.facebook.com/DBSWorkspace1; x: https://x.com/DBSworkspace; linkedin: https://www.linkedin.com/company/dbs-workspace; instagram: https://www.instagram.com/dbsworkspace,"cafeteria, meeting_room, open_24x7, parking, virtual_office",86,Hot,direct landline; email found on official website; has website; 4 social profiles; rating 3.8; 252 reviews; 5 services listed on site,google_maps_via_serpapi,2026-10-01T06:45:19+00:00,ok,"{""company_name"": ""google_maps_via_serpapi"", ""phone"": ""google_maps_via_serpapi"", ""address"": ""google_maps_via_serpapi"", ""website"": ""google_maps_via_serpapi"", ""rating"": ""google_maps_via_serpapi"", ""review_count"": ""google_maps_via_serpapi"", ""maps_url"": ""google_maps_via_serpapi"", ""email"": ""website_scraped"", ""social_links"": ""website_scraped"", ""services"": ""website_scraped"", ""lead_score"": ""rule_based""}"
L2ab476a5d9,DevX,Coworking space,"7th Floor, Dynasty Business Park, 701-713, Andheri - Kurla Rd, nr. Metro Station Chakala (J B Nagar), A-Wing, Vijay Nagar Colony, J B Nagar, Andheri East, Mumbai, Maharashtra 400059, India",+917434883388,mobile,,https://devx.work/coworking-space-in-mumbai,https://www.google.com/maps/place/?q=place_id:ChIJuwQ7Qf7J5zsRlPdPScHVdJQ,4.6,187,,linkedin: https://www.linkedin.com/company/devx.work; youtube: https://youtube.com/@devx.coworking; instagram: https://www.instagram.com/devx.work; x: https://twitter.com/DevX_Work,"dedicated_desk, event_space, hot_desk, meeting_room, open_24x7, parking, private_cabin",85,Hot,direct mobile phone; has website; 4 social profiles; rating 4.6; 187 reviews; 7 services listed on site | gaps: no email,google_maps_via_serpapi,2026-10-01T06:44:36+00:00,ok,"{""company_name"": ""google_maps_via_serpapi"", ""phone"": ""google_maps_via_serpapi"", ""address"": ""google_maps_via_serpapi"", ""website"": ""google_maps_via_serpapi"", ""rating"": ""google_maps_via_serpapi"", ""review_count"": ""google_maps_via_serpapi"", ""maps_url"": ""google_maps_via_serpapi"", ""social_links"": ""website_scraped"", ""services"": ""website_scraped"", ""lead_score"": ""rule_based""}"
L9d0fb656d2,91Springboard Vikhroli,Coworking space,"Gate No 2B, Plant, Godrej & Boyce, Bus Depot, 6, Lal Bahadur Shastri Marg, opposite Vikhroli, Godrej & Boyce Industry Estate, Vikhroli West, Mumbai, Maharashtra 400079, India",+919597519191,mobile,,https://91springboard.com/co-working-office-space-mumbai/vikhroli-west,https://www.google.com/maps/place/?q=place_id:ChIJUVKw6y7H5zsRotAydIPI0k8,4.5,814,,instagram: https://www.instagram.com/91springboard; facebook: https://www.facebook.com/91springboard; linkedin: https://www.linkedin.com/company/91springboard,"day_pass, hot_desk, meeting_room, open_24x7, parking, private_cabin, virtual_office",85,Hot,direct mobile phone; has website; 3 social profiles; rating 4.5; 814 reviews; 7 services listed on site | gaps: no email,google_maps_via_serpapi,2026-10-01T06:44:54+00:00,ok,"{""company_name"": ""google_maps_via_serpapi"", ""phone"": ""google_maps_via_serpapi"", ""address"": ""google_maps_via_serpapi"", ""website"": ""google_maps_via_serpapi"", ""rating"": ""google_maps_via_serpapi"", ""review_count"": ""google_maps_via_serpapi"", ""maps_url"": ""google_maps_via_serpapi"", ""social_links"": ""website_scraped"", ""services"": ""website_scraped"", ""lead_score"": ""rule_based""}"
L32f0872024,Idea Square.,Coworking space,"Idea Square, b-42, Off New Link Rd, opposite Citi Mall, next to Fairfield by Mariott Hotel, Phase D, Veera Desai Industrial Estate, Andheri West, Mumbai, Maharashtra 400053, India",+912240232866,landline,enquiry@ideasq.in,https://ideasq.in,https://www.google.com/maps/place/?q=place_id:ChIJFZSGye625zsRmzCwEo4ntQo,4,441,website_scraped,facebook: https://www.facebook.com/Ideasquarebusinesscenter; linkedin: https://www.linkedin.com/in/idea-square-756204163; instagram: https://www.instagram.com/idea_square; x: https://twitter.com/SpacesIdea,"hot_desk, meeting_room, open_24x7, virtual_office",84,Hot,direct landline; email found on official website; has website; 4 social profiles; rating 4; 441 reviews; 4 services listed on site,google_maps_via_serpapi,2026-10-01T06:44:38+00:00,ok,"{""company_name"": ""google_maps_via_serpapi"", ""phone"": ""google_maps_via_serpapi"", ""address"": ""google_maps_via_serpapi"", ""website"": ""google_maps_via_serpapi"", ""rating"": ""google_maps_via_serpapi"", ""review_count"": ""google_maps_via_serpapi"", ""maps_url"": ""google_maps_via_serpapi"", ""email"": ""website_scraped"", ""social_links"": ""website_scraped"", ""services"": ""website_scraped"", ""lead_score"": ""rule_based""}"
L0242127b28,Cowork30 Building,Coworking space,"No-2, Cowork30 Building, 201, 2nd Floor, ACME Plaza, Andheri - Kurla Rd, Chakala, Andheri East, Mumbai, Maharashtra 400069, India",+919820431183,mobile,cowork307@gmail.com,https://cowork30.com,https://www.google.com/maps/place/?q=place_id:ChIJVSiZwj7I5zsRhyNKhf-q-f0,4.4,43,website_scraped_free_provider,,"day_pass, dedicated_desk, event_space, hot_desk, meeting_room, open_24x7, private_cabin, virtual_office",84,Hot,direct mobile phone; email found on official website; has website; rating 4.4; 43 reviews; 8 services listed on site,google_maps_via_serpapi,2026-10-01T06:44:38+00:00,ok,"{""company_name"": ""google_maps_via_serpapi"", ""phone"": ""google_maps_via_serpapi"", ""address"": ""google_maps_via_serpapi"", ""website"": ""google_maps_via_serpapi"", ""rating"": ""google_maps_via_serpapi"", ""review_count"": ""google_maps_via_serpapi"", ""maps_url"": ""google_maps_via_serpapi"", ""email"": ""website_scraped_free_provider"", ""services"": ""website_scraped"", ""lead_score"": ""rule_based""}"
L9ffd4642c5,Teloz Spaces,Coworking space,"Ste no. 801, Synergy Business Park, ITT Bhatti, Hanuman Tekdi, Goregaon East, Mumbai, Maharashtra 400063, India",+917738598741,mobile,admin@telozspaces.com,https://telozspaces.com,https://www.google.com/maps/place/?q=place_id:ChIJj4iq9sW35zsR2xoHuS_gFq4,4.8,26,website_scraped,,"dedicated_desk, event_space, hot_desk, meeting_room, private_cabin, virtual_office",84,Hot,direct mobile phone; email found on official website; has website; rating 4.8; 26 reviews; 6 services listed on site,google_maps_via_serpapi,2026-10-01T06:44:56+00:00,ok,"{""company_name"": ""google_maps_via_serpapi"", ""phone"": ""google_maps_via_serpapi"", ""address"": ""google_maps_via_serpapi"", ""website"": ""google_maps_via_serpapi"", ""rating"": ""google_maps_via_serpapi"", ""review_count"": ""google_maps_via_serpapi"", ""maps_url"": ""google_maps_via_serpapi"", ""email"": ""website_scraped"", ""services"": ""website_scraped"", ""lead_score"": ""rule_based""}"
Lb4184cee60,WeWork,Coworking space,"C - 20, G Block Rd, G Block BKC, Bandra Kurla Complex, Bandra East, Mumbai, Maharashtra 400051, India",+911800123999000,toll_free,support@wework.co.in,https://wework.com/buildings/enam-sambhav--mumbai,https://www.google.com/maps/place/?q=place_id:ChIJ__8bZS_P5zsRB-Fi5B5ydzU,4.3,1657,website_scraped,facebook: https://www.facebook.com/weworkindia; instagram: https://www.instagram.com/wework.in; linkedin: https://www.linkedin.com/company/wework-india; x: https://x.com/weworkindia,"day_pass, event_space, meeting_room, private_cabin, virtual_office",83,Hot,toll-free phone only; email found on official website; has website; 4 social profiles; rating 4.3; 1657 reviews; 5 services listed on site,google_maps_via_serpapi,2026-10-01T06:44:40+00:00,ok,"{""company_name"": ""google_maps_via_serpapi"", ""phone"": ""google_maps_via_serpapi"", ""address"": ""google_maps_via_serpapi"", ""website"": ""google_maps_via_serpapi"", ""rating"": ""google_maps_via_serpapi"", ""review_count"": ""google_maps_via_serpapi"", ""maps_url"": ""google_maps_via_serpapi"", ""email"": ""website_scraped"", ""social_links"": ""website_scraped"", ""services"": ""website_scraped"", ""lead_score"": ""rule_based""}"
L7a4afec4c4,Awfis BKC Parinee Cresenzo,Coworking space,"1st Floor, Parinee Crescenzo, G Block BKC, Bandra Kurla Complex, Bandra East, Mumbai, Maharashtra 400051, India",+9118602586633,toll_free,info@awfis.com,https://awfis.com/office-space/mumbai/bkc/pro-working---bkc-2/office,https://www.google.com/maps/place/?q=place_id:ChIJM44O4enI5zsRAt-otSGnCxc,4.4,355,website_scraped,facebook: https://www.facebook.com/myawfis; instagram: https://www.instagram.com/myawfis; x: https://twitter.com/myawfis; linkedin: https://www.linkedin.com/company/awfis,"day_pass, event_space, meeting_room, private_cabin, virtual_office",83,Hot,toll-free phone only; email found on official website; has website; 4 social profiles; rating 4.4; 355 reviews; 5 services listed on site,google_maps_via_serpapi,2026-10-01T06:44:40+00:00,ok,"{""company_name"": ""google_maps_via_serpapi"", ""phone"": ""google_maps_via_serpapi"", ""address"": ""google_maps_via_serpapi"", ""website"": ""google_maps_via_serpapi"", ""rating"": ""google_maps_via_serpapi"", ""review_count"": ""google_maps_via_serpapi"", ""maps_url"": ""google_maps_via_serpapi"", ""email"": ""website_scraped"", ""social_links"": ""website_scraped"", ""services"": ""website_scraped"", ""lead_score"": ""rule_based""}"
L37bc12ae5b,Awfis BKC Adani Inspire,Coworking space,"Bandra Kurla Complex, Unit No.4, 3rd Floor, Inspire BKC, Village Kolekalyan, Bandra Kurla Complex, Bandra East, Mumbai, Maharashtra 400051, India",+9118602586633,toll_free,info@awfis.com,https://awfis.com/office-space/mumbai/bkc/coworking-adani-bkc/office,https://www.google.com/maps/place/?q=place_id:ChIJ0wMLHe3J5zsRJhULXEpzDus,4.6,93,website_scraped,facebook: https://www.facebook.com/myawfis; instagram: https://www.instagram.com/myawfis; x: https://twitter.com/myawfis; linkedin: https://www.linkedin.com/company/awfis,"day_pass, event_space, meeting_room, private_cabin, virtual_office",83,Hot,toll-free phone only; email found on official website; has website; 4 social profiles; rating 4.6; 93 reviews; 5 services listed on site,google_maps_via_serpapi,2026-10-01T06:44:40+00:00,ok,"{""company_name"": ""google_maps_via_serpapi"", ""phone"": ""google_maps_via_serpapi"", ""address"": ""google_maps_via_serpapi"", ""website"": ""google_maps_via_serpapi"", ""rating"": ""google_maps_via_serpapi"", ""review_count"": ""google_maps_via_serpapi"", ""maps_url"": ""google_maps_via_serpapi"", ""email"": ""website_scraped"", ""social_links"": ""website_scraped"", ""services"": ""website_scraped"", ""lead_score"": ""rule_based""}"
L9230c6de38,WeWork,Coworking space,"Ground Floor, Chromium, Jogeshwari - Vikhroli Link Rd, Manohar Nagar, Marol, Andheri East, Mumbai, Maharashtra 400076, India",+911800123999000,toll_free,support@wework.co.in,https://wework.com,https://www.google.com/maps/place/?q=place_id:ChIJDb_7fx3J5zsRA2LCzkJR520,4.3,774,website_scraped_related_domain,youtube: https://www.youtube.com/@WeWork; facebook: https://facebook.com/wework; instagram: https://instagram.com/wework; x: https://twitter.com/wework; linkedin: https://www.linkedin.com/company/wework,"day_pass, dedicated_desk, meeting_room, private_cabin, virtual_office",83,Hot,toll-free phone only; email found on official website; has website; 5 social profiles; rating 4.3; 774 reviews; 5 services listed on site,google_maps_via_serpapi,2026-10-01T06:44:53+00:00,ok,"{""company_name"": ""google_maps_via_serpapi"", ""phone"": ""google_maps_via_serpapi"", ""address"": ""google_maps_via_serpapi"", ""website"": ""google_maps_via_serpapi"", ""rating"": ""google_maps_via_serpapi"", ""review_count"": ""google_maps_via_serpapi"", ""maps_url"": ""google_maps_via_serpapi"", ""email"": ""website_scraped_related_domain"", ""social_links"": ""website_scraped"", ""services"": ""website_scraped"", ""lead_score"": ""rule_based""}"
Ldcdfcc6bca,WeWork,Coworking space,"Oberoi Garden City, 20TH FLOOR, COMMERZ II, off Western Express Highway, GOREGAON (E, Mumbai, Maharashtra 400063, India",+911800123999000,toll_free,support@wework.co.in,https://wework.com/buildings/oberoi-commerz-ii--mumbai,https://www.google.com/maps/place/?q=place_id:ChIJZ46YVKi35zsRNqktPF6a9WY,4.4,470,website_scraped,facebook: https://www.facebook.com/weworkindia; instagram: https://www.instagram.com/wework.in; linkedin: https://www.linkedin.com/company/wework-india; x: https://x.com/weworkindia,"day_pass, meeting_room, parking, private_cabin, virtual_office",83,Hot,toll-free phone only; email found on official website; has website; 4 social profiles; rating 4.4; 470 reviews; 5 services listed on site,google_maps_via_serpapi,2026-10-01T06:44:56+00:00,ok,"{""company_name"": ""google_maps_via_serpapi"", ""phone"": ""google_maps_via_serpapi"", ""address"": ""google_maps_via_serpapi"", ""website"": ""google_maps_via_serpapi"", ""rating"": ""google_maps_via_serpapi"", ""review_count"": ""google_maps_via_serpapi"", ""maps_url"": ""google_maps_via_serpapi"", ""email"": ""website_scraped"", ""social_links"": ""website_scraped"", ""services"": ""website_scraped"", ""lead_score"": ""rule_based""}"
L818dd9f395,WeWork NESCO IT Park,Coworking space,"North Wing, NESCO IT Park, 10th floor, Building 4, Western Express Hwy, Goregaon East, Mumbai, Maharashtra 400063, India",+911800123999000,toll_free,support@wework.co.in,https://wework.com/buildings/nesco-it-park--mumbai,https://www.google.com/maps/place/?q=place_id:ChIJi-zmorm35zsRABxlV2c-Mz8,4.4,121,website_scraped,facebook: https://www.facebook.com/weworkindia; instagram: https://www.instagram.com/wework.in; linkedin: https://www.linkedin.com/company/wework-india; x: https://x.com/weworkindia,"day_pass, meeting_room, parking, private_cabin, virtual_office",83,Hot,toll-free phone only; email found on official website; has website; 4 social profiles; rating 4.4; 121 reviews; 5 services listed on site,google_maps_via_serpapi,2026-10-01T06:44:56+00:00,ok,"{""company_name"": ""google_maps_via_serpapi"", ""phone"": ""google_maps_via_serpapi"", ""address"": ""google_maps_via_serpapi"", ""website"": ""google_maps_via_serpapi"", ""rating"": ""google_maps_via_serpapi"", ""review_count"": ""google_maps_via_serpapi"", ""maps_url"": ""google_maps_via_serpapi"", ""email"": ""website_scraped"", ""social_links"": ""website_scraped"", ""services"": ""website_scraped"", ""lead_score"": ""rule_based""}"
Laaee159a53,Awfis Lokhandwala Aston Building,Coworking space,"10th Floor, Aston Building, Sundervan Complex, Lokhandwala Complex, Andheri West, Mumbai, Maharashtra 400053, India",+9118602586633,toll_free,info@awfis.com,https://awfis.com/office-space/mumbai/lokhandwala/pro-working---lokhandwala-1/office,https://www.google.com/maps/place/?q=place_id:ChIJSQYQaj-25zsRhWhX3TdZ4Zs,4.4,367,website_scraped,facebook: https://www.facebook.com/myawfis; instagram: https://www.instagram.com/myawfis; x: https://twitter.com/myawfis; linkedin: https://www.linkedin.com/company/awfis,"day_pass, event_space, meeting_room, private_cabin, virtual_office",83,Hot,toll-free phone only; email found on official website; has website; 4 social profiles; rating 4.4; 367 reviews; 5 services listed on site,google_maps_via_serpapi,2026-10-01T06:44:58+00:00,ok,"{""company_name"": ""google_maps_via_serpapi"", ""phone"": ""google_maps_via_serpapi"", ""address"": ""google_maps_via_serpapi"", ""website"": ""google_maps_via_serpapi"", ""rating"": ""google_maps_via_serpapi"", ""review_count"": ""google_maps_via_serpapi"", ""maps_url"": ""google_maps_via_serpapi"", ""email"": ""website_scraped"", ""social_links"": ""website_scraped"", ""services"": ""website_scraped"", ""lead_score"": ""rule_based""}"
L3ea7b0bfc9,"91Springboard Lotus, Andheri East",Coworking space,"Plot No. D, 5th Rd, Shree Krishna Nagar, Marol MIDC Industry Estate, Andheri East, Mumbai, Maharashtra 400093, India",+919597519191,mobile,,https://91springboard.com/co-working-office-space-mumbai/lotus-star-andheri-east,https://www.google.com/maps/place/?q=place_id:ChIJuXg8qSLI5zsRwMi33hIEyH8,4.4,481,,instagram: https://www.instagram.com/91springboard; facebook: https://www.facebook.com/91springboard; linkedin: https://www.linkedin.com/company/91springboard,"cafeteria, meeting_room, open_24x7, parking, private_cabin, virtual_office",82,Hot,direct mobile phone; has website; 3 social profiles; rating 4.4; 481 reviews; 6 services listed on site | gaps: no email,google_maps_via_serpapi,2026-10-01T06:44:36+00:00,ok,"{""company_name"": ""google_maps_via_serpapi"", ""phone"": ""google_maps_via_serpapi"", ""address"": ""google_maps_via_serpapi"", ""website"": ""google_maps_via_serpapi"", ""rating"": ""google_maps_via_serpapi"", ""review_count"": ""google_maps_via_serpapi"", ""maps_url"": ""google_maps_via_serpapi"", ""social_links"": ""website_scraped"", ""services"": ""website_scraped"", ""lead_score"": ""rule_based""}"
Laa01fef4e9,Connekt,Coworking space,"Connekt 1st & 2nd Floor, Naman Chambers, G Block, Bandra Kurla Complex, Bandra East, Mumbai, Maharashtra 400051, India",+919892569874,mobile,connekt@connekt.co.in,https://connekt.co.in,https://www.google.com/maps/place/?q=place_id:ChIJYy5hSvbJ5zsRfzkHrPbAsEw,4.8,9,website_scraped,facebook: https://www.facebook.com/ConnektCoworkingSpace; instagram: https://www.instagram.com/connektcoworking; linkedin: https://www.linkedin.com/company/connektcoworking ; youtube: https://www.youtube.com/channel/UC2ayHcMZug228zEmey8s4vw/about,"day_pass, dedicated_desk, meeting_room, private_cabin",82,Hot,direct mobile phone; email found on official website; has website; 4 social profiles; rating 4.8; 9 reviews; 4 services listed on site,google_maps_via_serpapi,2026-10-01T06:44:40+00:00,ok,"{""company_name"": ""google_maps_via_serpapi"", ""phone"": ""google_maps_via_serpapi"", ""address"": ""google_maps_via_serpapi"", ""website"": ""google_maps_via_serpapi"", ""rating"": ""google_maps_via_serpapi"", ""review_count"": ""google_maps_via_serpapi"", ""maps_url"": ""google_maps_via_serpapi"", ""email"": ""website_scraped"", ""social_links"": ""website_scraped"", ""services"": ""website_scraped"", ""lead_score"": ""rule_based""}"
L2225e94cb3,Hive8,Coworking space,"HIVE8 - 39th floor, Kohinoor Square, Ram Ganesh Gadkari Chowk, Dadar West, Dadar, Mumbai, Maharashtra 400028, India",+918153888888,mobile,enquiry@hive8.space,https://hive8.space,https://www.google.com/maps/place/?q=place_id:ChIJ7eUJtv7P5zsRrC6urZtvmhM,4.6,32,website_scraped,instagram: https://www.instagram.com/hive8.space,"cafeteria, dedicated_desk, private_cabin, virtual_office",82,Hot,direct mobile phone; email found on official website; has website; 1 social profile; rating 4.6; 32 reviews; 4 services listed on site,google_maps_via_serpapi,2026-10-01T06:44:45+00:00,ok,"{""company_name"": ""google_maps_via_serpapi"", ""phone"": ""google_maps_via_serpapi"", ""address"": ""google_maps_via_serpapi"", ""website"": ""google_maps_via_serpapi"", ""rating"": ""google_maps_via_serpapi"", ""review_count"": ""google_maps_via_serpapi"", ""maps_url"": ""google_maps_via_serpapi"", ""email"": ""website_scraped"", ""social_links"": ""website_scraped"", ""services"": ""website_scraped"", ""lead_score"": ""rule_based""}"
Le3adebf045,Teloz Spaces,Coworking space,"Commercial Tower, EXPRESS ZONE, Suite no 401 - 407 4th Floor, B Wing, Goregaon East, Mumbai, Maharashtra 400063, India",+917738598741,mobile,admin@telozspaces.com,https://telozspaces.com,https://www.google.com/maps/place/?q=place_id:ChIJ7S7czBe35zsR3IsH7kfe9EI,5,8,website_scraped,,"dedicated_desk, event_space, hot_desk, meeting_room, private_cabin, virtual_office",82,Hot,direct mobile phone; email found on official website; has website; rating 5; 8 reviews; 6 services listed on site,google_maps_via_serpapi,2026-10-01T06:44:58+00:00,ok,"{""company_name"": ""google_maps_via_serpapi"", ""phone"": ""google_maps_via_serpapi"", ""address"": ""google_maps_via_serpapi"", ""website"": ""google_maps_via_serpapi"", ""rating"": ""google_maps_via_serpapi"", ""review_count"": ""google_maps_via_serpapi"", ""maps_url"": ""google_maps_via_serpapi"", ""email"": ""website_scraped"", ""services"": ""website_scraped"", ""lead_score"": ""rule_based""}"
L9adff15007,WeWork,Coworking space,"13th Floor, Hindustan C, Bus Stop, 247 Park, Lal Bahadur Shastri Marg, Gandhi Nagar, Vikhroli West, Mumbai, Maharashtra 400079, India",+911800123999000,toll_free,support@wework.co.in,https://wework.com/buildings/247-park--mumbai,https://www.google.com/maps/place/?q=place_id:ChIJwSTRuJPH5zsRWD5V4PrzU8w,4.5,595,website_scraped,facebook: https://www.facebook.com/weworkindia; instagram: https://www.instagram.com/wework.in; linkedin: https://www.linkedin.com/company/wework-india; x: https://x.com/weworkindia,"day_pass, meeting_room, private_cabin, virtual_office",81,Hot,toll-free phone only; email found on official website; has website; 4 social profiles; rating 4.5; 595 reviews; 4 services listed on site,google_maps_via_serpapi,2026-10-01T06:44:53+00:00,ok,"{""company_name"": ""google_maps_via_serpapi"", ""phone"": ""google_maps_via_serpapi"", ""address"": ""google_maps_via_serpapi"", ""website"": ""google_maps_via_serpapi"", ""rating"": ""google_maps_via_serpapi"", ""review_count"": ""google_maps_via_serpapi"", ""maps_url"": ""google_maps_via_serpapi"", ""email"": ""website_scraped"", ""social_links"": ""website_scraped"", ""services"": ""website_scraped"", ""lead_score"": ""rule_based""}"
Ld776b9881b,WeWork Lightbridge,Coworking space,"6th Floor, WeWork Lightbridge, Saki Vihar Rd, Tunga Village, Chandivali, Powai, Mumbai, Maharashtra 400072, India",+911800123222333,toll_free,support@wework.co.in,https://wework.co.in/mumbai/powai/lightbridge,https://www.google.com/maps/place/?q=place_id:ChIJBU0kbADJ5zsRrwbFymwnHP8,4.1,37,website_scraped,facebook: https://www.facebook.com/weworkindia; instagram: https://www.instagram.com/wework.in; linkedin: https://www.linkedin.com/company/wework-india; x: https://x.com/weworkindia,"day_pass, meeting_room, parking, private_cabin, virtual_office",80,Hot,toll-free phone only; email found on official website; has website; 4 social profiles; rating 4.1; 37 reviews; 5 services listed on site,google_maps_via_serpapi,2026-10-01T06:44:53+00:00,ok,"{""company_name"": ""google_maps_via_serpapi"", ""phone"": ""google_maps_via_serpapi"", ""address"": ""google_maps_via_serpapi"", ""website"": ""google_maps_via_serpapi"", ""rating"": ""google_maps_via_serpapi"", ""review_count"": ""google_maps_via_serpapi"", ""maps_url"": ""google_maps_via_serpapi"", ""email"": ""website_scraped"", ""social_links"": ""website_scraped"", ""services"": ""website_scraped"", ""lead_score"": ""rule_based""}"
L6e66aa92b4,EsziWorkN,Coworking space,"808, The Capital, A Wing, G Block, Bandra Kurla Complex, Bandra East, Mumbai, Maharashtra 400051, India",+919820118123,mobile,info@esziworkn.com,https://esziworkn.com,https://www.google.com/maps/place/?q=place_id:ChIJJasJJt7I5zsRHfBbAiR1Qks,4,4,website_scraped,linkedin: https://www.linkedin.com/in/esziworkn-bkc-041336242,"cafeteria, dedicated_desk, hot_desk, meeting_room, private_cabin",79,Warm,direct mobile phone; email found on official website; has website; 1 social profile; rating 4; 4 reviews; 5 services listed on site,google_maps_via_serpapi,2026-10-01T06:44:40+00:00,ok,"{""company_name"": ""google_maps_via_serpapi"", ""phone"": ""google_maps_via_serpapi"", ""address"": ""google_maps_via_serpapi"", ""website"": ""google_maps_via_serpapi"", ""rating"": ""google_maps_via_serpapi"", ""review_count"": ""google_maps_via_serpapi"", ""maps_url"": ""google_maps_via_serpapi"", ""email"": ""website_scraped"", ""social_links"": ""website_scraped"", ""services"": ""website_scraped"", ""lead_score"": ""rule_based""}"
L799c21e036,The Empire Business Centre,Business center,"Empire Complex, Empire Business Centre, 414, Senapati Bapat Marg, Lower Parel, Mumbai, Maharashtra 400013, India",+912267871515,landline,sales.tebc@empire-offices.com,https://empirebusinesscentres.com,https://www.google.com/maps/place/?q=place_id:ChIJtW8RfbPP5zsRAqTwnb0dGYE,4.2,542,website_scraped_related_domain,facebook: https://www.facebook.com/EmpireBusinessCentre; x: https://twitter.com/tebcmumbai; linkedin: https://in.linkedin.com/company/the-empire-business-centre,"meeting_room, private_cabin, virtual_office",79,Warm,direct landline; email found on official website; has website; 3 social profiles; rating 4.2; 542 reviews; 3 services listed on site,google_maps_via_serpapi,2026-10-01T06:44:50+00:00,ok,"{""company_name"": ""google_maps_via_serpapi"", ""phone"": ""google_maps_via_serpapi"", ""address"": ""google_maps_via_serpapi"", ""website"": ""google_maps_via_serpapi"", ""rating"": ""google_maps_via_serpapi"", ""review_count"": ""google_maps_via_serpapi"", ""maps_url"": ""google_maps_via_serpapi"", ""email"": ""website_scraped_related_domain"", ""social_links"": ""website_scraped"", ""services"": ""website_scraped"", ""lead_score"": ""rule_based""}"
Lfdbe06b26f,"Alfa Business Center Co working Space,shared Office",Coworking space,"Dattani Tower (Tata), Mid Wing, RM Bhattad Rd, next to McDonald, Vivekanand Nagar, Borivali West, Mumbai, Maharashtra 400092, India",+919820190836,mobile,,https://weworkoffice.in,https://www.google.com/maps/place/?q=place_id:ChIJsUHVqSqx5zsRj-fPBdrqNvI,4.9,16,,x: https://twitter.com/alphabusinessc6; facebook: https://www.facebook.com/Alfa-Business-Center-100864201496641; instagram: https://www.instagram.com/alfa_business_centre,"cafeteria, day_pass, dedicated_desk, hot_desk, meeting_room, open_24x7, private_cabin, virtual_office",79,Warm,direct mobile phone; has website; 3 social profiles; rating 4.9; 16 reviews; 8 services listed on site | gaps: no email,google_maps_via_serpapi,2026-10-01T06:45:02+00:00,ok,"{""company_name"": ""google_maps_via_serpapi"", ""phone"": ""google_maps_via_serpapi"", ""address"": ""google_maps_via_serpapi"", ""website"": ""google_maps_via_serpapi"", ""rating"": ""google_maps_via_serpapi"", ""review_count"": ""google_maps_via_serpapi"", ""maps_url"": ""google_maps_via_serpapi"", ""social_links"": ""website_scraped"", ""services"": ""website_scraped"", ""lead_score"": ""rule_based""}"
Lf461815811,Awfis Premium Coworking INS Tower,Coworking space,"14TH FLOOR, Ins Tower, opposite to trident hotel, G Block, Bandra Kurla Complex, Bandra East, Mumbai, Maharashtra 400051, India",+9118602586633,toll_free,info@awfis.com,https://awfis.com/office-space/mumbai/bkc/coworking-ins-tower-bkc/office,https://www.google.com/maps/place/?q=place_id:ChIJLUElKnvJ5zsRlOzEcNpHyx0,5,3,website_scraped,facebook: https://www.facebook.com/myawfis; instagram: https://www.instagram.com/myawfis; x: https://twitter.com/myawfis; linkedin: https://www.linkedin.com/company/awfis,"day_pass, event_space, meeting_room, private_cabin, virtual_office",78,Warm,toll-free phone only; email found on official website; has website; 4 social profiles; rating 5; 3 reviews; 5 services listed on site,google_maps_via_serpapi,2026-10-01T06:44:40+00:00,ok,"{""company_name"": ""google_maps_via_serpapi"", ""phone"": ""google_maps_via_serpapi"", ""address"": ""google_maps_via_serpapi"", ""website"": ""google_maps_via_serpapi"", ""rating"": ""google_maps_via_serpapi"", ""review_count"": ""google_maps_via_serpapi"", ""maps_url"": ""google_maps_via_serpapi"", ""email"": ""website_scraped"", ""social_links"": ""website_scraped"", ""services"": ""website_scraped"", ""lead_score"": ""rule_based""}"
L6e0d3e1b02,WeWork,Coworking space,"1st floor, 264-265, Dr Annie Besant Rd, Municipal Colony, Worli Shivaji Nagar, Worli, Mumbai, Maharashtra 400025, India",+911800123999000,toll_free,support@wework.co.in,https://wework.com/buildings/vaswani-chambers--mumbai,https://www.google.com/maps/place/?q=place_id:ChIJWbnnBDPP5zsRAOZ78t6H24Y,4,163,website_scraped,facebook: https://www.facebook.com/weworkindia; instagram: https://www.instagram.com/wework.in; linkedin: https://www.linkedin.com/company/wework-india; x: https://x.com/weworkindia,"day_pass, meeting_room, private_cabin, virtual_office",78,Warm,toll-free phone only; email found on official website; has website; 4 social profiles; rating 4; 163 reviews; 4 services listed on site,google_maps_via_serpapi,2026-10-01T06:44:48+00:00,ok,"{""company_name"": ""google_maps_via_serpapi"", ""phone"": ""google_maps_via_serpapi"", ""address"": ""google_maps_via_serpapi"", ""website"": ""google_maps_via_serpapi"", ""rating"": ""google_maps_via_serpapi"", ""review_count"": ""google_maps_via_serpapi"", ""maps_url"": ""google_maps_via_serpapi"", ""email"": ""website_scraped"", ""social_links"": ""website_scraped"", ""services"": ""website_scraped"", ""lead_score"": ""rule_based""}"
L619e1592f0,Awfis One International Centre 2,Coworking space,"25TH FLOOR, Tower 2, Senapati Bapat Marg, Dadar West, Prabhadevi, Dadar West, Parel, Mumbai, Maharashtra 400013, India",+9118602586633,toll_free,info@awfis.com,"https://awfis.com/office-space/mumbai/lower-parel/premium-coworking-oic-2,-lower-parel/day-pass",https://www.google.com/maps/place/?q=place_id:ChIJeToF5HjP5zsR4-_a-1xRhLw,5,6,website_scraped,facebook: https://www.facebook.com/myawfis; instagram: https://www.instagram.com/myawfis; x: https://twitter.com/myawfis; linkedin: https://www.linkedin.com/company/awfis,"day_pass, event_space, meeting_room, private_cabin, virtual_office",78,Warm,toll-free phone only; email found on official website; has website; 4 social profiles; rating 5; 6 reviews; 5 services listed on site,google_maps_via_serpapi,2026-10-01T06:44:48+00:00,ok,"{""company_name"": ""google_maps_via_serpapi"", ""phone"": ""google_maps_via_serpapi"", ""address"": ""google_maps_via_serpapi"", ""website"": ""google_maps_via_serpapi"", ""rating"": ""google_maps_via_serpapi"", ""review_count"": ""google_maps_via_serpapi"", ""maps_url"": ""google_maps_via_serpapi"", ""email"": ""website_scraped"", ""social_links"": ""website_scraped"", ""services"": ""website_scraped"", ""lead_score"": ""rule_based""}"
L27d9cfcfff,WeWork Bandbox House,Coworking space,"Ground Floor, Bandbox House, Dr Annie Besant Rd, Municipal Colony, Worli Shivaji Nagar, Worli, Mumbai, Maharashtra 400030, India",+91180012312,toll_free,support@wework.co.in,https://wework.com/buildings/bandbox-house--mumbai,https://www.google.com/maps/place/?q=place_id:ChIJDdG-OwXP5zsR_Hgj2RP4O_o,5,5,website_scraped,facebook: https://www.facebook.com/weworkindia; instagram: https://www.instagram.com/wework.in; linkedin: https://www.linkedin.com/company/wework-india; x: https://x.com/weworkindia,"day_pass, meeting_room, parking, private_cabin, virtual_office",78,Warm,toll-free phone only; email found on official website; has website; 4 social profiles; rating 5; 5 reviews; 5 services listed on site,google_maps_via_serpapi,2026-10-01T06:44:50+00:00,ok,"{""company_name"": ""google_maps_via_serpapi"", ""phone"": ""google_maps_via_serpapi"", ""address"": ""google_maps_via_serpapi"", ""website"": ""google_maps_via_serpapi"", ""rating"": ""google_maps_via_serpapi"", ""review_count"": ""google_maps_via_serpapi"", ""maps_url"": ""google_maps_via_serpapi"", ""email"": ""website_scraped"", ""social_links"": ""website_scraped"", ""services"": ""website_scraped"", ""lead_score"": ""rule_based""}"
L97483d62dd,Teloz Spaces,Coworking space,"LG 81H, B Wing - Sukhamani Apartment, EXPRESS ZONE, Western Express Hwy, Malad, Panch Bawadi, Malad East, Mumbai, Maharashtra 400063, India",+917738598741,mobile,admin@telozspaces.com,https://telozspaces.com,https://www.google.com/maps/place/?q=place_id:ChIJAQAARwe35zsR-DYcVdKCiIs,3.6,14,website_scraped,,"dedicated_desk, event_space, hot_desk, meeting_room, private_cabin, virtual_office",78,Warm,direct mobile phone; email found on official website; has website; rating 3.6; 14 reviews; 6 services listed on site,google_maps_via_serpapi,2026-10-01T06:45:00+00:00,ok,"{""company_name"": ""google_maps_via_serpapi"", ""phone"": ""google_maps_via_serpapi"", ""address"": ""google_maps_via_serpapi"", ""website"": ""google_maps_via_serpapi"", ""rating"": ""google_maps_via_serpapi"", ""review_count"": ""google_maps_via_serpapi"", ""maps_url"": ""google_maps_via_serpapi"", ""email"": ""website_scraped"", ""services"": ""website_scraped"", ""lead_score"": ""rule_based""}"
L27cafb7e00,Awfis Coworking,Coworking space,"Building, 8th, 9th and 10th Floor, RCity Offices, Lal Bahadur Shastri Marg, adjoining RCity Mall, Ghatkopar West, Mumbai, Maharashtra 400086, India",+9118602586633,toll_free,info@awfis.com,https://awfis.com/office-space/mumbai/Ghatkopar%20(West/coworking-rcity4/fixed,https://www.google.com/maps/place/?q=place_id:ChIJsS759gvH5zsRF52akyg71mw,5,1,website_scraped,facebook: https://www.facebook.com/myawfis; instagram: https://www.instagram.com/myawfis; x: https://twitter.com/myawfis; linkedin: https://www.linkedin.com/company/awfis,"day_pass, event_space, meeting_room, private_cabin, virtual_office",78,Warm,toll-free phone only; email found on official website; has website; 4 social profiles; rating 5; 1 reviews; 5 services listed on site,google_maps_via_serpapi,2026-10-01T06:45:08+00:00,ok,"{""company_name"": ""google_maps_via_serpapi"", ""phone"": ""google_maps_via_serpapi"", ""address"": ""google_maps_via_serpapi"", ""website"": ""google_maps_via_serpapi"", ""rating"": ""google_maps_via_serpapi"", ""review_count"": ""google_maps_via_serpapi"", ""maps_url"": ""google_maps_via_serpapi"", ""email"": ""website_scraped"", ""social_links"": ""website_scraped"", ""services"": ""website_scraped"", ""lead_score"": ""rule_based""}"
Ld134abacbe,WorkLoft Coworking Space,Coworking space,"35 Sir, Court Chambers, Ground Floor, Vitthaldas Thackersey Marg, New Marine Lines, Marine Lines, Mumbai, Maharashtra 400020, India",+918101121121,mobile,info@workloft.in,https://workloft.in,https://www.google.com/maps/place/?q=place_id:ChIJEyvy3BjR5zsRfzjvs2MUak4,3.8,22,website_scraped,,"cafeteria, day_pass, dedicated_desk, meeting_room, open_24x7, private_cabin, virtual_office",78,Warm,direct mobile phone; email found on official website; has website; rating 3.8; 22 reviews; 7 services listed on site,google_maps_via_serpapi,2026-10-01T06:45:19+00:00,ok,"{""company_name"": ""google_maps_via_serpapi"", ""phone"": ""google_maps_via_serpapi"", ""address"": ""google_maps_via_serpapi"", ""website"": ""google_maps_via_serpapi"", ""rating"": ""google_maps_via_serpapi"", ""review_count"": ""google_maps_via_serpapi"", ""maps_url"": ""google_maps_via_serpapi"", ""email"": ""website_scraped"", ""services"": ""website_scraped"", ""lead_score"": ""rule_based""}"
La07d11f5ec,Hustle Coworking,Coworking space,"Lake Pleasant Phase 2, Oberoi Garden Premises co-operative society ltd, 4104-05, Chandivali Farm Rd, Yadav Nagar, Chandivali, Andheri East, Mumbai, Maharashtra 400072, India",+919321898095,mobile,hustlecoworking.com@gmail.com,https://hustlecoworking.com,https://www.google.com/maps/place/?q=place_id:ChIJ5Rc5d3bJ5zsR19YIZQPe6fU,4.8,44,website_scraped_free_provider,,"hot_desk, meeting_room, private_cabin, virtual_office",77,Warm,direct mobile phone; email found on official website; has website; rating 4.8; 44 reviews; 4 services listed on site,google_maps_via_serpapi,2026-10-01T06:44:38+00:00,ok,"{""company_name"": ""google_maps_via_serpapi"", ""phone"": ""google_maps_via_serpapi"", ""address"": ""google_maps_via_serpapi"", ""website"": ""google_maps_via_serpapi"", ""rating"": ""google_maps_via_serpapi"", ""review_count"": ""google_maps_via_serpapi"", ""maps_url"": ""google_maps_via_serpapi"", ""email"": ""website_scraped_free_provider"", ""services"": ""website_scraped"", ""lead_score"": ""rule_based""}"
L3edc9b6a43,DA-Coworking Space,Coworking space,"DA Co working Space, Pinnacle Corporate Park, next to Trade Centre Bkc, Kolivery Village, MMRDA Area, Bandra Kurla Complex, Santacruz East, Mumbai, Maharashtra 400051, India",+919769309518,mobile,anitalawrence30@gmail.com,https://dimensionalarchitects.com/co-working-spaces,https://www.google.com/maps/place/?q=place_id:ChIJL3P9VYfJ5zsRZ81Ut5NiCHQ,4.6,39,website_scraped_free_provider,facebook: https://www.facebook.com/xpeedstudio,"cafeteria, meeting_room, private_cabin",77,Warm,direct mobile phone; email found on official website; has website; 1 social profile; rating 4.6; 39 reviews; 3 services listed on site,google_maps_via_serpapi,2026-10-01T06:44:40+00:00,ok,"{""company_name"": ""google_maps_via_serpapi"", ""phone"": ""google_maps_via_serpapi"", ""address"": ""google_maps_via_serpapi"", ""website"": ""google_maps_via_serpapi"", ""rating"": ""google_maps_via_serpapi"", ""review_count"": ""google_maps_via_serpapi"", ""maps_url"": ""google_maps_via_serpapi"", ""email"": ""website_scraped_free_provider"", ""social_links"": ""website_scraped"", ""services"": ""website_scraped"", ""lead_score"": ""rule_based""}"
L065a6f1aca,Innov8,Coworking space,"The 8th Floor, Naman Chambers, C-31, G Block, Bandra Kurla Complex, Bandra East, Mumbai, Maharashtra 400051, India",,,info@innov8.work,https://innov8.work/coworking-space/mumbai/bkc-naman-chambers-bandra-kurla-complex-67ed2041f0b5c200012adce2,https://www.google.com/maps/place/?q=place_id:ChIJIb8_N7vJ5zsRlF9dnW32CvQ,4.5,2,website_scraped,facebook: https://www.facebook.com/innov8.work; instagram: https://www.instagram.com/innov8.work; x: https://twitter.com/innov8cowork; linkedin: https://in.linkedin.com/company/innov8-workspaces,"cafeteria, dedicated_desk, event_space, hot_desk, meeting_room, private_cabin, virtual_office",77,Warm,email found on official website; has website; 4 social profiles; rating 4.5; 2 reviews; 7 services listed on site | gaps: no phone,google_maps_via_serpapi,2026-10-01T06:44:45+00:00,ok,"{""company_name"": ""google_maps_via_serpapi"", ""address"": ""google_maps_via_serpapi"", ""website"": ""google_maps_via_serpapi"", ""rating"": ""google_maps_via_serpapi"", ""review_count"": ""google_maps_via_serpapi"", ""maps_url"": ""google_maps_via_serpapi"", ""email"": ""website_scraped"", ""social_links"": ""website_scraped"", ""services"": ""website_scraped"", ""lead_score"": ""rule_based""}"
Lf965e0634b,Innov8 Peninsula Business Park,Coworking space,"B-Wing, Peninsula Business Park, Senapati Bapat Marg, Ganapatrao Kadam Marg, Parel, Mumbai, Maharashtra 400013, India",,,info@innov8.work,https://innov8.work/coworking-space/mumbai/peninsula-business-park-lower-parel-687a29167e28a80001aee98f,https://www.google.com/maps/place/?q=place_id:ChIJweNfXPbP5zsR6LZ1an123Qw,4.8,6,website_scraped,facebook: https://www.facebook.com/innov8.work; instagram: https://www.instagram.com/innov8.work; x: https://twitter.com/innov8cowork; linkedin: https://in.linkedin.com/company/innov8-workspaces,"cafeteria, dedicated_desk, event_space, hot_desk, meeting_room, private_cabin, virtual_office",77,Warm,email found on official website; has website; 4 social profiles; rating 4.8; 6 reviews; 7 services listed on site | gaps: no phone,google_maps_via_serpapi,2026-10-01T06:44:48+00:00,ok,"{""company_name"": ""google_maps_via_serpapi"", ""address"": ""google_maps_via_serpapi"", ""website"": ""google_maps_via_serpapi"", ""rating"": ""google_maps_via_serpapi"", ""review_count"": ""google_maps_via_serpapi"", ""maps_url"": ""google_maps_via_serpapi"", ""email"": ""website_scraped"", ""social_links"": ""website_scraped"", ""services"": ""website_scraped"", ""lead_score"": ""rule_based""}"
L6b36a43397,The Mosaic Coworking Space,Coworking space,"5th Floor, Raaj Chambers, New Nagardas Rd, Andheri East, Maharashtra 400069, India",+919820030533,mobile,info@themosaic.in,https://themosaic.in,https://www.google.com/maps/place/?q=place_id:ChIJ72Xe7NTJ5zsRrXsmMiEc4rY,4.6,319,website_scraped,x: https://twitter.com/LifeAtMosaic; facebook: https://www.facebook.com/LifeatMosaic; instagram: https://www.instagram.com/lifeatmosaic,meeting_room,75,Warm,direct mobile phone; email found on official website; has website; 3 social profiles; rating 4.6; 319 reviews; 1 services listed on site,google_maps_via_serpapi,2026-10-01T06:44:36+00:00,ok,"{""company_name"": ""google_maps_via_serpapi"", ""phone"": ""google_maps_via_serpapi"", ""address"": ""google_maps_via_serpapi"", ""website"": ""google_maps_via_serpapi"", ""rating"": ""google_maps_via_serpapi"", ""review_count"": ""google_maps_via_serpapi"", ""maps_url"": ""google_maps_via_serpapi"", ""email"": ""website_scraped"", ""social_links"": ""website_scraped"", ""services"": ""website_scraped"", ""lead_score"": ""rule_based""}"
L56c110fb00,Rainbow Coworks,Coworking space,"Lotus Link Square, 1109, New Link Rd, Manmandir Co.operative Housing Society, Shitladevi Chawl, D.N.Nagar, Andheri West, Mumbai, Maharashtra 400053, India",+917977427968,mobile,,https://rainbowcoworks.in/dn-nagar.html,https://www.google.com/maps/place/?q=place_id:ChIJG7REGQu35zsRdu8IcB1IDXU,4.9,209,,,"day_pass, dedicated_desk, event_space, meeting_room, private_cabin, virtual_office",75,Warm,direct mobile phone; has website; rating 4.9; 209 reviews; 6 services listed on site | gaps: no email,google_maps_via_serpapi,2026-10-01T06:44:36+00:00,ok,"{""company_name"": ""google_maps_via_serpapi"", ""phone"": ""google_maps_via_serpapi"", ""address"": ""google_maps_via_serpapi"", ""website"": ""google_maps_via_serpapi"", ""rating"": ""google_maps_via_serpapi"", ""review_count"": ""google_maps_via_serpapi"", ""maps_url"": ""google_maps_via_serpapi"", ""services"": ""website_scraped"", ""lead_score"": ""rule_based""}"
Lcd49291a3d,WorkCampus,Coworking space,"Om Plaza Cooperative Society Limited, Office No. 3B, Kandivali West Mc Donald's building, Opposite Jain Sweet, Outside Kandivali Station (W, Maharashtra 400067, India",+919833932096,mobile,workcampuscowork@gmail.com,https://workcampus.in,https://www.google.com/maps/place/?q=place_id:ChIJN9EVVaO35zsRzcvoxZKxtoA,4.9,143,website_scraped_free_provider,facebook: https://www.facebook.com/WorkCampus-109309193810273; instagram: https://www.instagram.com/workcampus; x: https://twitter.com/WorkCampus; linkedin: https://www.linkedin.com/in/workcampus-co-working-space-32301b196,parking,75,Warm,direct mobile phone; email found on official website; has website; 4 social profiles; rating 4.9; 143 reviews; 1 services listed on site,google_maps_via_serpapi,2026-10-01T06:44:56+00:00,ok,"{""company_name"": ""google_maps_via_serpapi"", ""phone"": ""google_maps_via_serpapi"", ""address"": ""google_maps_via_serpapi"", ""website"": ""google_maps_via_serpapi"", ""rating"": ""google_maps_via_serpapi"", ""review_count"": ""google_maps_via_serpapi"", ""maps_url"": ""google_maps_via_serpapi"", ""email"": ""website_scraped_free_provider"", ""social_links"": ""website_scraped"", ""services"": ""website_scraped"", ""lead_score"": ""rule_based""}"
L24eaee22d3,Quest Offices Pvt Ltd,Coworking space,"The Parinee Crescenzo, 'B' Wing, 8 th floor, opp. MCA, G Block BKC, Bandra Kurla Complex, Bandra East, Mumbai, Maharashtra 400051, India",+912248800600,landline,,https://questoffices.com,https://www.google.com/maps/place/?q=place_id:ChIJV1_b4OnI5zsRuqbEbLn7hF8,4.2,179,,facebook: https://www.facebook.com/QuestOffices; instagram: https://www.instagram.com/quest_offices; x: https://twitter.com/QuestOffices1; linkedin: https://www.linkedin.com/company/quest-offices-private-limited,"dedicated_desk, meeting_room, open_24x7, private_cabin, virtual_office",74,Warm,direct landline; has website; 4 social profiles; rating 4.2; 179 reviews; 5 services listed on site | gaps: no email,google_maps_via_serpapi,2026-10-01T06:44:40+00:00,ok,"{""company_name"": ""google_maps_via_serpapi"", ""phone"": ""google_maps_via_serpapi"", ""address"": ""google_maps_via_serpapi"", ""website"": ""google_maps_via_serpapi"", ""rating"": ""google_maps_via_serpapi"", ""review_count"": ""google_maps_via_serpapi"", ""maps_url"": ""google_maps_via_serpapi"", ""social_links"": ""website_scraped"", ""services"": ""website_scraped"", ""lead_score"": ""rule_based""}"
Le5579d17ec,Enzyme Aura,Coworking space,"Hiranandani Business Park - Lightbridge, Saki Vihar Rd, Tunga Village, Chandivali, Powai, Mumbai, Maharashtra 400072, India",,,ashish@enzymefo.com,https://enzymefo.com/office-space-in-mumbai,https://www.google.com/maps/place/?q=place_id:ChIJYYR0ikHJ5zsRQJaZar3amto,4.3,6,website_scraped,facebook: https://www.facebook.com/enzymefo; youtube: https://www.youtube.com/@enzymeoffices; instagram: https://www.instagram.com/enzymeoffices; linkedin: https://www.linkedin.com/company/enzyme-office-spaces,"cafeteria, dedicated_desk, hot_desk, meeting_room, open_24x7, parking, private_cabin, virtual_office",74,Warm,email found on official website; has website; 4 social profiles; rating 4.3; 6 reviews; 8 services listed on site | gaps: no phone,google_maps_via_serpapi,2026-10-01T06:44:53+00:00,ok,"{""company_name"": ""google_maps_via_serpapi"", ""address"": ""google_maps_via_serpapi"", ""website"": ""google_maps_via_serpapi"", ""rating"": ""google_maps_via_serpapi"", ""review_count"": ""google_maps_via_serpapi"", ""maps_url"": ""google_maps_via_serpapi"", ""email"": ""website_scraped"", ""social_links"": ""website_scraped"", ""services"": ""website_scraped"", ""lead_score"": ""rule_based""}"
Ld67598a50d,Vibrant Business centre,Coworking space,"Suncity Complex, Unit No.1,2&3 Sun Height Building, near Gandhinagar Bridge, off AS Marg, Powai, Mumbai, Maharashtra 400076, India",+919959013982,mobile,hello@vibrantcoworking.com,https://vibrantcoworking.com,https://www.google.com/maps/place/?q=place_id:ChIJ04YTjSnH5zsR7FSXNLQXFnY,5,11,website_scraped,,"dedicated_desk, event_space, meeting_room, private_cabin",74,Warm,direct mobile phone; email found on official website; has website; rating 5; 11 reviews; 4 services listed on site,google_maps_via_serpapi,2026-10-01T06:44:53+00:00,ok,"{""company_name"": ""google_maps_via_serpapi"", ""phone"": ""google_maps_via_serpapi"", ""address"": ""google_maps_via_serpapi"", ""website"": ""google_maps_via_serpapi"", ""rating"": ""google_maps_via_serpapi"", ""review_count"": ""google_maps_via_serpapi"", ""maps_url"": ""google_maps_via_serpapi"", ""email"": ""website_scraped"", ""services"": ""website_scraped"", ""lead_score"": ""rule_based""}"
L07f316ec72,WeWork Express Towers,Coworking space,"2nd Floor, Marine Drive, Express Towers, Nariman Point, Mumbai, Maharashtra 400021, India",,,support@wework.co.in,https://wework.co.in/mumbai/nariman-point/express-towers,https://www.google.com/maps/place/?q=place_id:ChIJ1QgBWCHR5zsRMc5dtdrEk5k,4.3,31,website_scraped,facebook: https://www.facebook.com/weworkindia; instagram: https://www.instagram.com/wework.in; linkedin: https://www.linkedin.com/company/wework-india; x: https://x.com/weworkindia,"cafeteria, day_pass, meeting_room, private_cabin, virtual_office",74,Warm,email found on official website; has website; 4 social profiles; rating 4.3; 31 reviews; 5 services listed on site | gaps: no phone,google_maps_via_serpapi,2026-10-01T06:45:19+00:00,ok,"{""company_name"": ""google_maps_via_serpapi"", ""address"": ""google_maps_via_serpapi"", ""website"": ""google_maps_via_serpapi"", ""rating"": ""google_maps_via_serpapi"", ""review_count"": ""google_maps_via_serpapi"", ""maps_url"": ""google_maps_via_serpapi"", ""email"": ""website_scraped"", ""social_links"": ""website_scraped"", ""services"": ""website_scraped"", ""lead_score"": ""rule_based""}"
L54f4d48ae3,Rainbow Coworks,Coworking space,"220, Citi Mall, New Link Road, Andheri (W, Mumbai, Maharashtra 400053, India",+919833084052,mobile,,https://rainbowcoworks.in,https://www.google.com/maps/place/?q=place_id:ChIJkWpWtla35zsR7skKzod22aM,4.8,34,,,"day_pass, dedicated_desk, event_space, meeting_room, open_24x7, parking, private_cabin, virtual_office",72,Warm,direct mobile phone; has website; rating 4.8; 34 reviews; 8 services listed on site | gaps: no email,google_maps_via_serpapi,2026-10-01T06:44:36+00:00,ok,"{""company_name"": ""google_maps_via_serpapi"", ""phone"": ""google_maps_via_serpapi"", ""address"": ""google_maps_via_serpapi"", ""website"": ""google_maps_via_serpapi"", ""rating"": ""google_maps_via_serpapi"", ""review_count"": ""google_maps_via_serpapi"", ""maps_url"": ""google_maps_via_serpapi"", ""services"": ""website_scraped"", ""lead_score"": ""rule_based""}"
L6b96b199e4,Connekt,Coworking space,"Connekt 4th, Silver Utopia, Chakala, Andheri East, Mumbai, Maharashtra 400099, India",,,connekt@connekt.co.in,https://connekt.co.in,https://www.google.com/maps/place/?q=place_id:ChIJhYGkWN3J5zsRRM00FMMgD80,4.9,51,website_scraped,facebook: https://www.facebook.com/ConnektCoworkingSpace; instagram: https://www.instagram.com/connektcoworking; linkedin: https://www.linkedin.com/company/connektcoworking ; youtube: https://www.youtube.com/channel/UC2ayHcMZug228zEmey8s4vw/about,"day_pass, dedicated_desk, meeting_room, private_cabin",72,Warm,email found on official website; has website; 4 social profiles; rating 4.9; 51 reviews; 4 services listed on site | gaps: no phone,google_maps_via_serpapi,2026-10-01T06:44:38+00:00,ok,"{""company_name"": ""google_maps_via_serpapi"", ""address"": ""google_maps_via_serpapi"", ""website"": ""google_maps_via_serpapi"", ""rating"": ""google_maps_via_serpapi"", ""review_count"": ""google_maps_via_serpapi"", ""maps_url"": ""google_maps_via_serpapi"", ""email"": ""website_scraped"", ""social_links"": ""website_scraped"", ""services"": ""website_scraped"", ""lead_score"": ""rule_based""}"
L1ce3f1c44b,Vibrant co-working office Chandivali Mumbai,Coworking space,"Oberai Golden Estates, Chandivali Farm Rd, Yadav Nagar, Chandivali, Powai, Mumbai, Maharashtra 400072, India",+919959013982,mobile,hello@vibrantcoworking.com,https://vibrantcoworking.com,https://www.google.com/maps/place/?q=place_id:ChIJKyl8h0jJ5zsRTKr0m2A02Ik,5,3,website_scraped,,"dedicated_desk, event_space, meeting_room, private_cabin",72,Warm,direct mobile phone; email found on official website; has website; rating 5; 3 reviews; 4 services listed on site,google_maps_via_serpapi,2026-10-01T06:44:54+00:00,ok,"{""company_name"": ""google_maps_via_serpapi"", ""phone"": ""google_maps_via_serpapi"", ""address"": ""google_maps_via_serpapi"", ""website"": ""google_maps_via_serpapi"", ""rating"": ""google_maps_via_serpapi"", ""review_count"": ""google_maps_via_serpapi"", ""maps_url"": ""google_maps_via_serpapi"", ""email"": ""website_scraped"", ""services"": ""website_scraped"", ""lead_score"": ""rule_based""}"
L9e5aa103a6,Co Hub,Coworking space,"Lal Bahadur Shastri Marg, opposite to Rcity Mall, Nityanand Nagar, Ghatkopar West, Mumbai, Maharashtra 400086, India",+919167059276,mobile,info@cohubindia.com,https://cohubindia.com/coworking/mumbai/ghatkopar,https://www.google.com/maps/place/?q=place_id:ChIJbcBzna_H5zsRTGYub43t6mk,5,2,website_scraped,x: https://x.com/CohubIndia; instagram: https://www.instagram.com/cohub_india; linkedin: https://www.linkedin.com/company/cohub-india,"meeting_room, virtual_office",72,Warm,direct mobile phone; email found on official website; has website; 3 social profiles; rating 5; 2 reviews; 2 services listed on site,google_maps_via_serpapi,2026-10-01T06:45:08+00:00,ok,"{""company_name"": ""google_maps_via_serpapi"", ""phone"": ""google_maps_via_serpapi"", ""address"": ""google_maps_via_serpapi"", ""website"": ""google_maps_via_serpapi"", ""rating"": ""google_maps_via_serpapi"", ""review_count"": ""google_maps_via_serpapi"", ""maps_url"": ""google_maps_via_serpapi"", ""email"": ""website_scraped"", ""social_links"": ""website_scraped"", ""services"": ""website_scraped"", ""lead_score"": ""rule_based""}"
L26f2fd5615,The Executive Centre,Coworking space,"Plot No. C- 38/39, G Block BKC, Bandra Kurla Complex, Bandra East, Mumbai, Maharashtra 400051, India",+912268512300,landline,,https://executivecentre.com/office-space/parinee-crescenzo,https://www.google.com/maps/place/?q=place_id:ChIJnT-RcBzJ5zsR8NtxBxunWes,5,16,,facebook: https://www.facebook.com/theexecutivecentre; linkedin: https://www.linkedin.com/company/the-executive-centre; instagram: https://www.instagram.com/theexecutivecentre; youtube: https://www.youtube.com/channel/UCD2AROaznylh5WhlJEa5UOA,"day_pass, event_space, meeting_room, private_cabin, virtual_office",71,Warm,direct landline; has website; 4 social profiles; rating 5; 16 reviews; 5 services listed on site | gaps: no email,google_maps_via_serpapi,2026-10-01T06:44:40+00:00,ok,"{""company_name"": ""google_maps_via_serpapi"", ""phone"": ""google_maps_via_serpapi"", ""address"": ""google_maps_via_serpapi"", ""website"": ""google_maps_via_serpapi"", ""rating"": ""google_maps_via_serpapi"", ""review_count"": ""google_maps_via_serpapi"", ""maps_url"": ""google_maps_via_serpapi"", ""social_links"": ""website_scraped"", ""services"": ""website_scraped"", ""lead_score"": ""rule_based""}"
L36b75ee086,Centre for Incubation and Business Acceleration CIBA Mumbai,Coworking space,"6th Floor,Agnel Technical Complex,Sector 9A,Vashi,Navi Mumbai, Navi Mumbai, Maharashtra 400703, India",+918850283239,mobile,incubation@ciba.org.in,https://cibamumbai.org.in,https://www.google.com/maps/place/?q=place_id:ChIJAw8LH8vG5zsRpEGuRKcp-jc,4.6,185,website_scraped_related_domain,instagram: https://www.instagram.com/cibaindia; linkedin: https://www.linkedin.com/company/centre-for-incubation-&amp;-business-acceleration,,70,Warm,direct mobile phone; email found on official website; has website; 2 social profiles; rating 4.6; 185 reviews,google_maps_via_serpapi,2026-10-01T06:45:09+00:00,ok,"{""company_name"": ""google_maps_via_serpapi"", ""phone"": ""google_maps_via_serpapi"", ""address"": ""google_maps_via_serpapi"", ""website"": ""google_maps_via_serpapi"", ""rating"": ""google_maps_via_serpapi"", ""review_count"": ""google_maps_via_serpapi"", ""maps_url"": ""google_maps_via_serpapi"", ""email"": ""website_scraped_related_domain"", ""social_links"": ""website_scraped"", ""lead_score"": ""rule_based""}"
L9b4619c44a,Spacyes,Coworking space,"Modi House, 2/11, Pragati Society, behind Nandu Dosa, Kandivali, Pragati Society, Mahavir Nagar, Kandivali West, Mumbai, Maharashtra 400067, India",+917977415482,mobile,,https://spacyes.com,https://www.google.com/maps/place/?q=place_id:ChIJ5y_LCc625zsRETFCsGVyjPM,4.7,145,,instagram: https://www.instagram.com/spacyes,"cafeteria, day_pass, dedicated_desk, open_24x7",70,Warm,direct mobile phone; has website; 1 social profile; rating 4.7; 145 reviews; 4 services listed on site | gaps: no email,google_maps_via_serpapi,2026-10-01T06:45:24+00:00,ok,"{""company_name"": ""google_maps_via_serpapi"", ""phone"": ""google_maps_via_serpapi"", ""address"": ""google_maps_via_serpapi"", ""website"": ""google_maps_via_serpapi"", ""rating"": ""google_maps_via_serpapi"", ""review_count"": ""google_maps_via_serpapi"", ""maps_url"": ""google_maps_via_serpapi"", ""social_links"": ""website_scraped"", ""services"": ""website_scraped"", ""lead_score"": ""rule_based""}"
L23e0ae919b,BOHO (The Boutique Stays) By Bay Leaf,Coworking space,"Bungalow No 5, Boho The Boutique Stays, Emerald Sea CHS, opp. HDFC Bank, near Saraf Chaudhary Nagar, Kandivali, Kandivili e, Thakur Complex, Kandivali East, Mumbai, Maharashtra 400101, India",+919122562256,mobile,bohostays2024@gmail.com,https://bohoboutiquestays.com,https://www.google.com/maps/place/?q=place_id:ChIJAV4SMwC35zsRT90DRlhrtlk,4.9,148,website_scraped_free_provider,instagram: https://www.instagram.com/thedigiwok/profilecard; facebook: https://www.facebook.com/bohotheboutiquestays; linkedin: https://www.linkedin.com/in/boho-the-boutique-stays-aa1007346,,70,Warm,direct mobile phone; email found on official website; has website; 3 social profiles; rating 4.9; 148 reviews,google_maps_via_serpapi,2026-10-01T06:45:26+00:00,ok,"{""company_name"": ""google_maps_via_serpapi"", ""phone"": ""google_maps_via_serpapi"", ""address"": ""google_maps_via_serpapi"", ""website"": ""google_maps_via_serpapi"", ""rating"": ""google_maps_via_serpapi"", ""review_count"": ""google_maps_via_serpapi"", ""maps_url"": ""google_maps_via_serpapi"", ""email"": ""website_scraped_free_provider"", ""social_links"": ""website_scraped"", ""lead_score"": ""rule_based""}"
Lf97c1cb9ee,Ascend Cowork,Coworking space,"B 205-206, Dhanashree Heights, Off Veera Desai Rd, Mhada Colony, Jeevan Nagar, Andheri West, Mumbai, Maharashtra 400053, India",+919819253793,mobile,,https://ascendcowork.com,https://www.google.com/maps/place/?q=place_id:ChIJ6RCYUCa25zsRAKyGarRFpDk,4.6,17,,facebook: https://www.facebook.com/profile.php; instagram: https://instagram.com/ascend.cowork,"dedicated_desk, meeting_room, private_cabin, virtual_office",69,Warm,direct mobile phone; has website; 2 social profiles; rating 4.6; 17 reviews; 4 services listed on site | gaps: no email,google_maps_via_serpapi,2026-10-01T06:44:38+00:00,ok,"{""company_name"": ""google_maps_via_serpapi"", ""phone"": ""google_maps_via_serpapi"", ""address"": ""google_maps_via_serpapi"", ""website"": ""google_maps_via_serpapi"", ""rating"": ""google_maps_via_serpapi"", ""review_count"": ""google_maps_via_serpapi"", ""maps_url"": ""google_maps_via_serpapi"", ""social_links"": ""website_scraped"", ""services"": ""website_scraped"", ""lead_score"": ""rule_based""}"
Lb6e8b51f07,Kontor Space,Coworking space,"ONE BKC, C-608, G Block, Bandra Kurla Complex, Bandra East, Mumbai, Maharashtra 400056, India",+912262790000,landline,sales@kontorspace.in,https://kontorspace.in,https://www.google.com/maps/place/?q=place_id:ChIJh_GwFJjJ5zsRVIWMA9qeZYY,5,8,website_scraped,x: https://twitter.com/kontorspace_IN; facebook: https://www.facebook.com/KontorIndia; instagram: https://www.instagram.com/kontorindia; linkedin: https://www.linkedin.com/company/kontorspace,"meeting_room, private_cabin",69,Warm,direct landline; email found on official website; has website; 4 social profiles; rating 5; 8 reviews; 2 services listed on site,google_maps_via_serpapi,2026-10-01T06:44:45+00:00,ok,"{""company_name"": ""google_maps_via_serpapi"", ""phone"": ""google_maps_via_serpapi"", ""address"": ""google_maps_via_serpapi"", ""website"": ""google_maps_via_serpapi"", ""rating"": ""google_maps_via_serpapi"", ""review_count"": ""google_maps_via_serpapi"", ""maps_url"": ""google_maps_via_serpapi"", ""email"": ""website_scraped"", ""social_links"": ""website_scraped"", ""services"": ""website_scraped"", ""lead_score"": ""rule_based""}"
L215462625f,SkyWork Coworking,Coworking space,"Om Siddhivinayak SRA CHS Ltd, 1503, Carter Road No. 1, near BORIVALI RAILWAY STATION, behind Kasturba Road Police Station, PBC, Borivali East, Mumbai, Maharashtra 400066, India",+919029208698,mobile,,https://skywork.in,https://www.google.com/maps/place/?q=place_id:ChIJvasHnw6x5zsR6sGA28Mawio,5,26,,,"cafeteria, day_pass, dedicated_desk, open_24x7, parking, private_cabin",69,Warm,direct mobile phone; has website; rating 5; 26 reviews; 6 services listed on site | gaps: no email,google_maps_via_serpapi,2026-10-01T06:45:02+00:00,ok,"{""company_name"": ""google_maps_via_serpapi"", ""phone"": ""google_maps_via_serpapi"", ""address"": ""google_maps_via_serpapi"", ""website"": ""google_maps_via_serpapi"", ""rating"": ""google_maps_via_serpapi"", ""review_count"": ""google_maps_via_serpapi"", ""maps_url"": ""google_maps_via_serpapi"", ""services"": ""website_scraped"", ""lead_score"": ""rule_based""}"
La938b6958c,Table Space Oberoi Commerz-III,Coworking space,"6 Floors, Oberoi Commerz-III, 36, Western Express Hwy, Hanuman Tekdi, Goregaon East, Mumbai, Maharashtra 400065, India",+9118003157871,toll_free,info@tablespace.com,https://tablespace.com/office-space-in-mumbai/goregaon/commerz-iii,https://www.google.com/maps/place/?q=place_id:ChIJl7enRv635zsROfZaq0HaUzs,4.8,6,website_scraped,linkedin: https://www.linkedin.com/company/tablespaceofficial; instagram: https://www.instagram.com/tablespaceofficial; facebook: https://www.facebook.com/TableSpaceOfficial; x: https://x.com/Table_Space_; youtube: https://youtube.com/@tablespaceofficial,"cafeteria, meeting_room, private_cabin",68,Warm,toll-free phone only; email found on official website; has website; 5 social profiles; rating 4.8; 6 reviews; 3 services listed on site,google_maps_via_serpapi,2026-10-01T06:44:56+00:00,ok,"{""company_name"": ""google_maps_via_serpapi"", ""phone"": ""google_maps_via_serpapi"", ""address"": ""google_maps_via_serpapi"", ""website"": ""google_maps_via_serpapi"", ""rating"": ""google_maps_via_serpapi"", ""review_count"": ""google_maps_via_serpapi"", ""maps_url"": ""google_maps_via_serpapi"", ""email"": ""website_scraped"", ""social_links"": ""website_scraped"", ""services"": ""website_scraped"", ""lead_score"": ""rule_based""}"
L12bfc611ca,91Springboard Hiranandani Lighthall,Coworking space,"3rd Floor - B2, Light Hall, Hiranandani Business Park, Saki Vihar Rd, Muranjan Wadi, Sakinaka, Andheri East, Mumbai, Maharashtra 400072, India",+919597519191,mobile,,https://91springboard.com,https://www.google.com/maps/place/?q=place_id:ChIJ0ysZgsDJ5zsRuN_kT_n7cTg,5,1,,instagram: https://www.instagram.com/91springboard; facebook: https://www.facebook.com/91springboard; linkedin: https://www.linkedin.com/company/91springboard,"meeting_room, open_24x7, parking, virtual_office",67,Warm,direct mobile phone; has website; 3 social profiles; rating 5; 1 reviews; 4 services listed on site | gaps: no email,google_maps_via_serpapi,2026-10-01T06:44:54+00:00,ok,"{""company_name"": ""google_maps_via_serpapi"", ""phone"": ""google_maps_via_serpapi"", ""address"": ""google_maps_via_serpapi"", ""website"": ""google_maps_via_serpapi"", ""rating"": ""google_maps_via_serpapi"", ""review_count"": ""google_maps_via_serpapi"", ""maps_url"": ""google_maps_via_serpapi"", ""social_links"": ""website_scraped"", ""services"": ""website_scraped"", ""lead_score"": ""rule_based""}"
Lbd8682870e,97 Tech Center,Coworking space,"E301, Sky Park CHS, Ajit Glass Rd, Amrut Nagar, Goregaon West, Mumbai, Maharashtra 400104, India",+918779509491,mobile,,https://97tech.com,https://www.google.com/maps/place/?q=place_id:ChIJL1VQace35zsRwlA6VdPhri8,4.6,37,,,"cafeteria, dedicated_desk, meeting_room, parking, private_cabin",67,Warm,direct mobile phone; has website; rating 4.6; 37 reviews; 5 services listed on site | gaps: no email,google_maps_via_serpapi,2026-10-01T06:44:56+00:00,ok,"{""company_name"": ""google_maps_via_serpapi"", ""phone"": ""google_maps_via_serpapi"", ""address"": ""google_maps_via_serpapi"", ""website"": ""google_maps_via_serpapi"", ""rating"": ""google_maps_via_serpapi"", ""review_count"": ""google_maps_via_serpapi"", ""maps_url"": ""google_maps_via_serpapi"", ""services"": ""website_scraped"", ""lead_score"": ""rule_based""}"
L613229e039,Resource Workspaces,Coworking space,"1st Floor, Ujagar Chambers, Bus Depot, Sion - Trombay Rd, opp. Deonar, Deonar, Chembur, Mumbai, Maharashtra 400088, India",+919004131863,mobile,,https://resourcespaces.com,https://www.google.com/maps/place/?q=place_id:ChIJ40pubmbH5zsRxr3pMAdWTq4,4.8,69,,facebook: https://www.facebook.com/people/Resource-Workspaces/61564428500404; instagram: https://www.instagram.com/resourcespaces; youtube: https://www.youtube.com/@ResourceWorkspaces,"dedicated_desk, meeting_room, private_cabin",67,Warm,direct mobile phone; has website; 3 social profiles; rating 4.8; 69 reviews; 3 services listed on site | gaps: no email,google_maps_via_serpapi,2026-10-01T06:45:21+00:00,ok,"{""company_name"": ""google_maps_via_serpapi"", ""phone"": ""google_maps_via_serpapi"", ""address"": ""google_maps_via_serpapi"", ""website"": ""google_maps_via_serpapi"", ""rating"": ""google_maps_via_serpapi"", ""review_count"": ""google_maps_via_serpapi"", ""maps_url"": ""google_maps_via_serpapi"", ""social_links"": ""website_scraped"", ""services"": ""website_scraped"", ""lead_score"": ""rule_based""}"
L9f6bde8c35,Spacyes,Coworking space,"1st Floor, Lancelot building, B/2, Swami Vivekanand Rd, opp. Kalyan Jewellers, next to Shiv Temple, Bharat Baug, Borivali West, Mumbai, Maharashtra 400092, India",+919869622564,mobile,,https://spacyes.com,https://www.google.com/maps/place/?q=place_id:ChIJmT5Rjyq35zsRu9rEZRqr3xI,4.3,218,,instagram: https://www.instagram.com/spacyes,"cafeteria, day_pass, dedicated_desk, open_24x7",67,Warm,direct mobile phone; has website; 1 social profile; rating 4.3; 218 reviews; 4 services listed on site | gaps: no email,google_maps_via_serpapi,2026-10-01T06:45:24+00:00,ok,"{""company_name"": ""google_maps_via_serpapi"", ""phone"": ""google_maps_via_serpapi"", ""address"": ""google_maps_via_serpapi"", ""website"": ""google_maps_via_serpapi"", ""rating"": ""google_maps_via_serpapi"", ""review_count"": ""google_maps_via_serpapi"", ""maps_url"": ""google_maps_via_serpapi"", ""social_links"": ""website_scraped"", ""services"": ""website_scraped"", ""lead_score"": ""rule_based""}"
Le9456ba8c4,Spacyes,Coworking space,"Gate No. 6, 1st Floor 3, Singh Estate, opp. THAKUR COLLEGE OF ENGINEERING AND TECHNOLOGY, Thakur Village, Kandivali East, Mumbai, Maharashtra 400101, India",+919869622564,mobile,,https://spacyes.com,https://www.google.com/maps/place/?q=place_id:ChIJW7zAgQC35zsRNdmqH2VxuQs,4.9,64,,instagram: https://www.instagram.com/spacyes,"cafeteria, day_pass, dedicated_desk, open_24x7",67,Warm,direct mobile phone; has website; 1 social profile; rating 4.9; 64 reviews; 4 services listed on site | gaps: no email,google_maps_via_serpapi,2026-10-01T06:45:26+00:00,ok,"{""company_name"": ""google_maps_via_serpapi"", ""phone"": ""google_maps_via_serpapi"", ""address"": ""google_maps_via_serpapi"", ""website"": ""google_maps_via_serpapi"", ""rating"": ""google_maps_via_serpapi"", ""review_count"": ""google_maps_via_serpapi"", ""maps_url"": ""google_maps_via_serpapi"", ""social_links"": ""website_scraped"", ""services"": ""website_scraped"", ""lead_score"": ""rule_based""}"
Le1ab3b4c4e,VIOS Tower,Business center,"Bus Depot, Off Eastern Express Highway, Sewri - Chembur Rd, near Anik Nagar, Mumbai, Maharashtra 400037, India",,,leasing@vios.in,https://viostower.com,https://www.google.com/maps/place/?q=place_id:ChIJOQXwx6HI5zsR8x_CP5fQ-kI,4.5,362,website_scraped_related_domain,facebook: https://www.facebook.com/VIOS-Tower-106853558544546; x: https://twitter.com/TowerVios; linkedin: https://www.linkedin.com/company/vios-tower/about,"cafeteria, parking",65,Warm,email found on official website; has website; 3 social profiles; rating 4.5; 362 reviews; 2 services listed on site | gaps: no phone,google_maps_via_serpapi,2026-10-01T06:44:45+00:00,ok,"{""company_name"": ""google_maps_via_serpapi"", ""address"": ""google_maps_via_serpapi"", ""website"": ""google_maps_via_serpapi"", ""rating"": ""google_maps_via_serpapi"", ""review_count"": ""google_maps_via_serpapi"", ""maps_url"": ""google_maps_via_serpapi"", ""email"": ""website_scraped_related_domain"", ""social_links"": ""website_scraped"", ""services"": ""website_scraped"", ""lead_score"": ""rule_based""}"
L42251d0247,Flignite Dadar (Coworking Space in Mumbai),Coworking space,"Ground Floor, Parasmani Commercial Complex, MMGS Marg, opp. Civic Centre, Dadar East, Dadar, Mumbai, Maharashtra 400014, India",+919082140564,mobile,,https://flignite.com,https://www.google.com/maps/place/?q=place_id:ChIJf-neivDP5zsRWCkAvAh4OoA,4.8,118,,,"day_pass, dedicated_desk, meeting_room, private_cabin",65,Warm,direct mobile phone; has website; rating 4.8; 118 reviews; 4 services listed on site | gaps: no email,google_maps_via_serpapi,2026-10-01T06:44:48+00:00,ok,"{""company_name"": ""google_maps_via_serpapi"", ""phone"": ""google_maps_via_serpapi"", ""address"": ""google_maps_via_serpapi"", ""website"": ""google_maps_via_serpapi"", ""rating"": ""google_maps_via_serpapi"", ""review_count"": ""google_maps_via_serpapi"", ""maps_url"": ""google_maps_via_serpapi"", ""services"": ""website_scraped"", ""lead_score"": ""rule_based""}"
La19972bbdd,"HuntOffices Coworking Space in Chembur, Mumbai",Coworking space,"Corporate Park II, 9th floor, VN Purav Marg, near Swastik Chambers, Chembur, Mumbai, Maharashtra 400071, India",,,info@huntoffices.com,https://huntoffices.com/office-space/mumbai-474,https://www.google.com/maps/place/?q=place_id:ChIJ9e5s20LJ5zsR6WxrWd_PzLY,,0,website_scraped,facebook: https://www.facebook.com/HuntOffices; x: https://twitter.com/HuntOffices; instagram: https://www.instagram.com/huntofficesindia; linkedin: https://www.linkedin.com/company/huntoffices.com,"cafeteria, day_pass, dedicated_desk, meeting_room, parking, private_cabin, virtual_office",65,Warm,email found on official website; has website; 4 social profiles; 7 services listed on site | gaps: no phone,google_maps_via_serpapi,2026-10-01T06:45:21+00:00,ok,"{""company_name"": ""google_maps_via_serpapi"", ""address"": ""google_maps_via_serpapi"", ""website"": ""google_maps_via_serpapi"", ""maps_url"": ""google_maps_via_serpapi"", ""email"": ""website_scraped"", ""social_links"": ""website_scraped"", ""services"": ""website_scraped"", ""lead_score"": ""rule_based""}"
Lc7f8fdc481,Nuvola Cafe,Coworking space,"Shop No. 8, Soni Paradise C.H.S. Ltd., Om Shivam Premises, Shimpoli Rd, Haridas Nagar, Borivali West, Mumbai, Maharashtra 400092, India",+919987265260,mobile,mustafa.sheikh@nuvolagelato.in,https://nuvolagelato.in,https://www.google.com/maps/place/?q=place_id:ChIJ90PPqiWx5zsRXiXmx1UadXc,4.9,212,website_scraped,instagram: https://www.instagram.com/nuvola.gelato,,65,Warm,direct mobile phone; email found on official website; has website; 1 social profile; rating 4.9; 212 reviews,google_maps_via_serpapi,2026-10-01T06:45:26+00:00,ok,"{""company_name"": ""google_maps_via_serpapi"", ""phone"": ""google_maps_via_serpapi"", ""address"": ""google_maps_via_serpapi"", ""website"": ""google_maps_via_serpapi"", ""rating"": ""google_maps_via_serpapi"", ""review_count"": ""google_maps_via_serpapi"", ""maps_url"": ""google_maps_via_serpapi"", ""email"": ""website_scraped"", ""social_links"": ""website_scraped"", ""lead_score"": ""rule_based""}"
L5e906cae86,Thinkers Nest (Dadar),Coworking space,"Zarapkars Showroom Building, W, 209/210, Senapati Bapat Marg, Kasaravadi, Dadar, Mumbai, Maharashtra 400028, India",+919970807200,mobile,contact@thinkersnest.com,https://thinkersnest.com,https://www.google.com/maps/place/?q=place_id:ChIJIw3zZzPP5zsREUMvw9q7G4Y,4.2,65,website_scraped,,"dedicated_desk, open_24x7",64,Warm,direct mobile phone; email found on official website; has website; rating 4.2; 65 reviews; 2 services listed on site,google_maps_via_serpapi,2026-10-01T06:44:50+00:00,ok,"{""company_name"": ""google_maps_via_serpapi"", ""phone"": ""google_maps_via_serpapi"", ""address"": ""google_maps_via_serpapi"", ""website"": ""google_maps_via_serpapi"", ""rating"": ""google_maps_via_serpapi"", ""review_count"": ""google_maps_via_serpapi"", ""maps_url"": ""google_maps_via_serpapi"", ""email"": ""website_scraped"", ""services"": ""website_scraped"", ""lead_score"": ""rule_based""}"
L66b707fe0c,Bottomup Business Solutions,Coworking space,"203, Ujagar Chambers, CTS 301/7, Deonar Opposite Deonar Bus Depot, Chembur, Mumbai, Maharashtra 400088, India",+918291135718,mobile,bottomup.real@gmail.com,https://sites.google.com/view/coworkingmumbai/home,https://www.google.com/maps/place/?q=place_id:ChIJVbWO9iDH5zsRfL4DtfeauB0,4.6,13,website_scraped_free_provider,,"cafeteria, parking",64,Warm,direct mobile phone; email found on official website; has website; rating 4.6; 13 reviews; 2 services listed on site,google_maps_via_serpapi,2026-10-01T06:45:21+00:00,ok,"{""company_name"": ""google_maps_via_serpapi"", ""phone"": ""google_maps_via_serpapi"", ""address"": ""google_maps_via_serpapi"", ""website"": ""google_maps_via_serpapi"", ""rating"": ""google_maps_via_serpapi"", ""review_count"": ""google_maps_via_serpapi"", ""maps_url"": ""google_maps_via_serpapi"", ""email"": ""website_scraped_free_provider"", ""services"": ""website_scraped"", ""lead_score"": ""rule_based""}"
L74a0173103,Table Space Trent House,Coworking space,"G Block, Plot No C- 60, 51, Bandra Kurla Complex, Bandra East, Mumbai, Maharashtra 400051, India",+9118003157871,toll_free,info@tablespace.com,https://tablespace.com/office-space-in-mumbai/bkc/trent-house,https://www.google.com/maps/place/?q=place_id:ChIJyTY-qEfJ5zsRShtaqTZvEIk,5,1,website_scraped,linkedin: https://www.linkedin.com/company/tablespaceofficial; instagram: https://www.instagram.com/tablespaceofficial; facebook: https://www.facebook.com/TableSpaceOfficial; x: https://x.com/Table_Space_; youtube: https://youtube.com/@tablespaceofficial,"cafeteria, meeting_room",63,Warm,toll-free phone only; email found on official website; has website; 5 social profiles; rating 5; 1 reviews; 2 services listed on site,google_maps_via_serpapi,2026-10-01T06:44:40+00:00,ok,"{""company_name"": ""google_maps_via_serpapi"", ""phone"": ""google_maps_via_serpapi"", ""address"": ""google_maps_via_serpapi"", ""website"": ""google_maps_via_serpapi"", ""rating"": ""google_maps_via_serpapi"", ""review_count"": ""google_maps_via_serpapi"", ""maps_url"": ""google_maps_via_serpapi"", ""email"": ""website_scraped"", ""social_links"": ""website_scraped"", ""services"": ""website_scraped"", ""lead_score"": ""rule_based""}"
Lbb573c27b3,Table Space Godrej BKC,Coworking space,"7th floor, Plot no. C, Godrej BKC, 68, Avenue 3, G Block BKC, Bandra Kurla Complex, Bandra East, Mumbai, Maharashtra 400051, India",+9118003157871,toll_free,info@tablespace.com,https://tablespace.com/office-space-in-mumbai/bkc/godrej-bkc,https://www.google.com/maps/place/?q=place_id:ChIJw0BNCyLJ5zsRBmEpDBEGzFo,4.5,4,website_scraped,linkedin: https://www.linkedin.com/company/tablespaceofficial; instagram: https://www.instagram.com/tablespaceofficial; facebook: https://www.facebook.com/TableSpaceOfficial; x: https://x.com/Table_Space_; youtube: https://youtube.com/@tablespaceofficial,"cafeteria, meeting_room",63,Warm,toll-free phone only; email found on official website; has website; 5 social profiles; rating 4.5; 4 reviews; 2 services listed on site,google_maps_via_serpapi,2026-10-01T06:44:40+00:00,ok,"{""company_name"": ""google_maps_via_serpapi"", ""phone"": ""google_maps_via_serpapi"", ""address"": ""google_maps_via_serpapi"", ""website"": ""google_maps_via_serpapi"", ""rating"": ""google_maps_via_serpapi"", ""review_count"": ""google_maps_via_serpapi"", ""maps_url"": ""google_maps_via_serpapi"", ""email"": ""website_scraped"", ""social_links"": ""website_scraped"", ""services"": ""website_scraped"", ""lead_score"": ""rule_based""}"
L164a6bd70f,Teloz Spaces,Coworking space,"Witty International School, Near, Goregaon Mulund Link Rd, Malad, Liliya Nagar, Malad West, Mumbai, Maharashtra 400104, India",,,admin@telozspaces.com,https://telozspaces.com,https://www.google.com/maps/place/?q=place_id:ChIJc_3uvh-35zsRpHZF13Xs0C0,2,1,website_scraped,,"dedicated_desk, event_space, hot_desk, meeting_room, private_cabin, virtual_office",58,Warm,email found on official website; has website; rating 2; 1 reviews; 6 services listed on site | gaps: no phone,google_maps_via_serpapi,2026-10-01T06:45:00+00:00,ok,"{""company_name"": ""google_maps_via_serpapi"", ""address"": ""google_maps_via_serpapi"", ""website"": ""google_maps_via_serpapi"", ""rating"": ""google_maps_via_serpapi"", ""review_count"": ""google_maps_via_serpapi"", ""maps_url"": ""google_maps_via_serpapi"", ""email"": ""website_scraped"", ""services"": ""website_scraped"", ""lead_score"": ""rule_based""}"
Lfff479c060,Smartworks Fleet House,Coworking space,"Metro Station Marol Naka, Andheri - Kurla Rd, Gamdevi, Marol, Andheri East, Mumbai, Maharashtra 400059, India",+918448980480,mobile,,https://smartworksoffice.com/office-space/mumbai/fleet-house,https://www.google.com/maps/place/?q=place_id:ChIJ7RDCzhTI5zsRUkZEePLgXDo,4.1,354,,,"cafeteria, event_space, meeting_room",57,Warm,direct mobile phone; has website; rating 4.1; 354 reviews; 3 services listed on site | gaps: no email,google_maps_via_serpapi,2026-10-01T06:44:38+00:00,ok,"{""company_name"": ""google_maps_via_serpapi"", ""phone"": ""google_maps_via_serpapi"", ""address"": ""google_maps_via_serpapi"", ""website"": ""google_maps_via_serpapi"", ""rating"": ""google_maps_via_serpapi"", ""review_count"": ""google_maps_via_serpapi"", ""maps_url"": ""google_maps_via_serpapi"", ""services"": ""website_scraped"", ""lead_score"": ""rule_based""}"
L0fa9a0ea07,Bloomdesk Coworking,Coworking space,"Office no 101 - 108, 1st Floor, Ghanshyam Enclave, New, New Link Rd, near Lalji Pada, Kandivali, Shankar Pada, Kandivali West, Mumbai, Maharashtra 400067, India",+919769508264,mobile,info@bloomdesk.in,https://bloomdesk.in,https://www.google.com/maps/place/?q=place_id:ChIJr0zq9cG35zsRo3M0KskjBTI,4.6,52,website_scraped,,,57,Warm,direct mobile phone; email found on official website; has website; rating 4.6; 52 reviews,google_maps_via_serpapi,2026-10-01T06:45:00+00:00,ok,"{""company_name"": ""google_maps_via_serpapi"", ""phone"": ""google_maps_via_serpapi"", ""address"": ""google_maps_via_serpapi"", ""website"": ""google_maps_via_serpapi"", ""rating"": ""google_maps_via_serpapi"", ""review_count"": ""google_maps_via_serpapi"", ""maps_url"": ""google_maps_via_serpapi"", ""email"": ""website_scraped"", ""lead_score"": ""rule_based""}"
L5449d5faa8,Flexiworks,Coworking space,"6th floor, C wing, 6088, Chandivali Farm Rd, Yadav Nagar, Chandivali, Powai, Mumbai, Maharashtra 400072, India",,,sales@theflexiworks.com,https://theflexiworks.com,https://www.google.com/maps/place/?q=place_id:ChIJtal6keLFQQoRs5tOPUjODZA,,0,website_scraped,,"day_pass, dedicated_desk, event_space, hot_desk, meeting_room, open_24x7, parking, private_cabin",55,Warm,email found on official website; has website; 8 services listed on site | gaps: no phone,google_maps_via_serpapi,2026-10-01T06:44:54+00:00,ok,"{""company_name"": ""google_maps_via_serpapi"", ""address"": ""google_maps_via_serpapi"", ""website"": ""google_maps_via_serpapi"", ""maps_url"": ""google_maps_via_serpapi"", ""email"": ""website_scraped"", ""services"": ""website_scraped"", ""lead_score"": ""rule_based""}"
L999d39fda3,Chnyd Trace Pvt Ltd,Coworking space,"2nd Floor, Express Towers, Marine Drive, Nariman Point, Mumbai, Maharashtra 400021, Mumbai, Maharashtra 400078, India",+918999884664,mobile,sales@chnydtrace.in,https://chnydtrace.com,https://www.google.com/maps/place/?q=place_id:ChIJr0cpmzHR5zsRniYa15XDLvU,,0,website_scraped_related_domain,youtube: https://www.youtube.com/@Chnydtrace,"meeting_room, open_24x7",55,Warm,direct mobile phone; email found on official website; has website; 1 social profile; 2 services listed on site,google_maps_via_serpapi,2026-10-01T06:45:19+00:00,ok,"{""company_name"": ""google_maps_via_serpapi"", ""phone"": ""google_maps_via_serpapi"", ""address"": ""google_maps_via_serpapi"", ""website"": ""google_maps_via_serpapi"", ""maps_url"": ""google_maps_via_serpapi"", ""email"": ""website_scraped_related_domain"", ""social_links"": ""website_scraped"", ""services"": ""website_scraped"", ""lead_score"": ""rule_based""}"
Lb0e7e7bbd8,Vyora Spaces,Coworking space,"Office no 04 Ground floor, Mahavir Nivas, Rajguru Flyover, next to solitaire edge, opp. Kalpataru Gardens, Kandivali, Ramesh Yadav Nagar, Ramesh nagar, Kandivali East, Mumbai, Maharashtra 400101, India",,,info@vyora.work,https://vyora.work,https://www.google.com/maps/place/?q=place_id:ChIJT93ZL3O35zsRkF_3M6DgRFI,,0,website_scraped,,"day_pass, dedicated_desk, event_space, hot_desk, meeting_room, private_cabin, virtual_office",55,Warm,email found on official website; has website; 7 services listed on site | gaps: no phone,google_maps_via_serpapi,2026-10-01T06:45:26+00:00,ok,"{""company_name"": ""google_maps_via_serpapi"", ""address"": ""google_maps_via_serpapi"", ""website"": ""google_maps_via_serpapi"", ""maps_url"": ""google_maps_via_serpapi"", ""email"": ""website_scraped"", ""services"": ""website_scraped"", ""lead_score"": ""rule_based""}"
L86c282051f,The Founders Co-works,Coworking space,"16th Floor, 1602, Saki Vihar Rd, opposite Mtnl, off Tunga Village, Tunga Village, Chandivali, Powai, Mumbai, Maharashtra 400072, India",+917208198797,mobile,info@thefounders.in,https://thefounders.co.in,https://www.google.com/maps/place/?q=place_id:ChIJITOz4HTJ5zsRtNBlj7wKFeg,4.7,11,website_scraped_related_domain,,,54,Warm,direct mobile phone; email found on official website; has website; rating 4.7; 11 reviews,google_maps_via_serpapi,2026-10-01T06:44:53+00:00,ok,"{""company_name"": ""google_maps_via_serpapi"", ""phone"": ""google_maps_via_serpapi"", ""address"": ""google_maps_via_serpapi"", ""website"": ""google_maps_via_serpapi"", ""rating"": ""google_maps_via_serpapi"", ""review_count"": ""google_maps_via_serpapi"", ""maps_url"": ""google_maps_via_serpapi"", ""email"": ""website_scraped_related_domain"", ""lead_score"": ""rule_based""}"
Lcdde8bf55f,Virtual Office Mumbai,Coworking space,"A321, 4, Mastermind Rd, Royal Palms, Aarey Milk Colony, Goregaon East, Mumbai, Maharashtra 400065, India",+917045189062,mobile,,https://virtualofficemumbai.in,https://www.google.com/maps/place/?q=place_id:ChIJE16jR8y35zsRbB2BTdAIX2o,5,22,,,"meeting_room, private_cabin, virtual_office",54,Warm,direct mobile phone; has website; rating 5; 22 reviews; 3 services listed on site | gaps: no email,google_maps_via_serpapi,2026-10-01T06:44:56+00:00,ok,"{""company_name"": ""google_maps_via_serpapi"", ""phone"": ""google_maps_via_serpapi"", ""address"": ""google_maps_via_serpapi"", ""website"": ""google_maps_via_serpapi"", ""rating"": ""google_maps_via_serpapi"", ""review_count"": ""google_maps_via_serpapi"", ""maps_url"": ""google_maps_via_serpapi"", ""services"": ""website_scraped"", ""lead_score"": ""rule_based""}"
Le2437b3070,Coworking Space,Coworking space,"10th floor, Poddar Rd, Malad, Malad East, Mumbai, Maharashtra 400097, India",+919820527973,mobile,,https://coworking-space-v1.grexa.site,https://www.google.com/maps/place/?q=place_id:ChIJTas7u-235zsRojAmtk7zWvQ,4.9,13,,,"event_space, meeting_room, private_cabin",54,Warm,direct mobile phone; has website; rating 4.9; 13 reviews; 3 services listed on site | gaps: no email,google_maps_via_serpapi,2026-10-01T06:44:58+00:00,ok,"{""company_name"": ""google_maps_via_serpapi"", ""phone"": ""google_maps_via_serpapi"", ""address"": ""google_maps_via_serpapi"", ""website"": ""google_maps_via_serpapi"", ""rating"": ""google_maps_via_serpapi"", ""review_count"": ""google_maps_via_serpapi"", ""maps_url"": ""google_maps_via_serpapi"", ""services"": ""website_scraped"", ""lead_score"": ""rule_based""}"
Lb5c1fa86e3,BloomDesk Coworking,Coworking space,"2nd Floor, Neelkanth Commercial Wing, 204, Swami Vivekanand Rd, near RM Bhattad Road, Meghdoot, Hari Om Nagar, Borivali West, Mumbai, Maharashtra 400092, India",+919769508264,mobile,info@bloomdesk.in,https://bloomdesk.in,https://www.google.com/maps/place/?q=place_id:ChIJMRqmPtWw5zsROhJiuWpDovE,4.4,72,website_scraped,,,54,Warm,direct mobile phone; email found on official website; has website; rating 4.4; 72 reviews,google_maps_via_serpapi,2026-10-01T06:45:00+00:00,ok,"{""company_name"": ""google_maps_via_serpapi"", ""phone"": ""google_maps_via_serpapi"", ""address"": ""google_maps_via_serpapi"", ""website"": ""google_maps_via_serpapi"", ""rating"": ""google_maps_via_serpapi"", ""review_count"": ""google_maps_via_serpapi"", ""maps_url"": ""google_maps_via_serpapi"", ""email"": ""website_scraped"", ""lead_score"": ""rule_based""}"
L93fcf662e4,BloomDesk Coworking,Coworking space,"2nd Floor, B Wing, Western Edge II, behind metro Super Market, near Magathane, Food Corporation of India Warehouse, depot, Mumbai, Maharashtra 400066, India",+919769508264,mobile,info@bloomdesk.in,https://bloomdesk.in,https://www.google.com/maps/place/?q=place_id:ChIJf5jvEmK35zsRyO7g2_yPJ2w,4.4,79,website_scraped,,,54,Warm,direct mobile phone; email found on official website; has website; rating 4.4; 79 reviews,google_maps_via_serpapi,2026-10-01T06:45:02+00:00,ok,"{""company_name"": ""google_maps_via_serpapi"", ""phone"": ""google_maps_via_serpapi"", ""address"": ""google_maps_via_serpapi"", ""website"": ""google_maps_via_serpapi"", ""rating"": ""google_maps_via_serpapi"", ""review_count"": ""google_maps_via_serpapi"", ""maps_url"": ""google_maps_via_serpapi"", ""email"": ""website_scraped"", ""lead_score"": ""rule_based""}"
L5d90156313,My Cute Office Affordable Co-Working,Coworking space,"F31, Profit Center, Mahavir Nagar, Kandivali West, Mumbai, Maharashtra 400067, India",+917506790165,mobile,hello@mycuteoffice.com,https://mycuteoffice.com,https://www.google.com/maps/place/?q=place_id:ChIJSVVSD9K25zsRX9xIKmGR__A,4,6,website_scraped,,virtual_office,54,Warm,direct mobile phone; email found on official website; has website; rating 4; 6 reviews; 1 services listed on site,google_maps_via_serpapi,2026-10-01T06:45:26+00:00,ok,"{""company_name"": ""google_maps_via_serpapi"", ""phone"": ""google_maps_via_serpapi"", ""address"": ""google_maps_via_serpapi"", ""website"": ""google_maps_via_serpapi"", ""rating"": ""google_maps_via_serpapi"", ""review_count"": ""google_maps_via_serpapi"", ""maps_url"": ""google_maps_via_serpapi"", ""email"": ""website_scraped"", ""services"": ""website_scraped"", ""lead_score"": ""rule_based""}"
L66d7221e71,Regional Corporate Office:M M SAIYAD & ASSOCIATE,Coworking space,"WeWork, Enam Sambhav, C-20, G Block Rd, G Block BKC, Bandra Kurla Complex, Bandra East, Mumbai, Maharashtra 400051, India",+919737866168,mobile,pa@mmsaiyadassociate.com,https://mmsaiyadassociate.com,https://www.google.com/maps/place/?q=place_id:ChIJkeZko1rJ5zsR_RZuWURLaMw,5,1,website_scraped,,,52,Warm,direct mobile phone; email found on official website; has website; rating 5; 1 reviews,google_maps_via_serpapi,2026-10-01T06:44:45+00:00,ok,"{""company_name"": ""google_maps_via_serpapi"", ""phone"": ""google_maps_via_serpapi"", ""address"": ""google_maps_via_serpapi"", ""website"": ""google_maps_via_serpapi"", ""rating"": ""google_maps_via_serpapi"", ""review_count"": ""google_maps_via_serpapi"", ""maps_url"": ""google_maps_via_serpapi"", ""email"": ""website_scraped"", ""lead_score"": ""rule_based""}"
L22aa68ebc4,Ikigai Connect,Coworking space,"3rd Floor, Apte House, LR Papan Marg, Worli Naka, Laxminarsingh, Worli, Mumbai, Maharashtra 400018, India",+919819029131,mobile,,https://ikigaiconnect.com,https://www.google.com/maps/place/?q=place_id:ChIJpfBASq3P5zsRe9ll4d57EQM,4.9,61,,facebook: https://www.facebook.com/IkigaiConnect; instagram: https://www.instagram.com/ikigaiconnect; linkedin: https://www.linkedin.com/company/ikigaiconnect,,52,Warm,direct mobile phone; has website; 3 social profiles; rating 4.9; 61 reviews | gaps: no email,google_maps_via_serpapi,2026-10-01T06:44:48+00:00,ok,"{""company_name"": ""google_maps_via_serpapi"", ""phone"": ""google_maps_via_serpapi"", ""address"": ""google_maps_via_serpapi"", ""website"": ""google_maps_via_serpapi"", ""rating"": ""google_maps_via_serpapi"", ""review_count"": ""google_maps_via_serpapi"", ""maps_url"": ""google_maps_via_serpapi"", ""social_links"": ""website_scraped"", ""lead_score"": ""rule_based""}"
Lffdcbba5f9,Sonipspace: Iris Business Park,Coworking space,"1st Floor - 4th Floor Unit no. 101, Iris Business Park, 402, Sonawala Industry Estate, Goregaon East, Mumbai, Maharashtra 400063, India",,,contactus@sonipspace.com,https://sonipspace.com,https://www.google.com/maps/place/?q=place_id:ChIJLUa3xlnEYI0RvkKWOLFr15k,5,3,website_scraped,,"cafeteria, meeting_room, virtual_office",52,Warm,email found on official website; has website; rating 5; 3 reviews; 3 services listed on site | gaps: no phone,google_maps_via_serpapi,2026-10-01T06:44:58+00:00,ok,"{""company_name"": ""google_maps_via_serpapi"", ""address"": ""google_maps_via_serpapi"", ""website"": ""google_maps_via_serpapi"", ""rating"": ""google_maps_via_serpapi"", ""review_count"": ""google_maps_via_serpapi"", ""maps_url"": ""google_maps_via_serpapi"", ""email"": ""website_scraped"", ""services"": ""website_scraped"", ""lead_score"": ""rule_based""}"
Ld26df5f145,BloomDesk Coworking,Coworking space,"10th Floor, Orion Business Park, 1001 and 1002, Swami Vivekanand Rd, above Samsung, opp. HDFC Bank, Meghdoot, Shimpoli, Borivali West, Mumbai, Maharashtra 400092, India",+917506600877,mobile,info@bloomdesk.in,https://bloomdesk.in,https://www.google.com/maps/place/?q=place_id:ChIJAcCp8TSx5zsR_Aqw0_nvrWI,5,3,website_scraped,,,52,Warm,direct mobile phone; email found on official website; has website; rating 5; 3 reviews,google_maps_via_serpapi,2026-10-01T06:45:02+00:00,ok,"{""company_name"": ""google_maps_via_serpapi"", ""phone"": ""google_maps_via_serpapi"", ""address"": ""google_maps_via_serpapi"", ""website"": ""google_maps_via_serpapi"", ""rating"": ""google_maps_via_serpapi"", ""review_count"": ""google_maps_via_serpapi"", ""maps_url"": ""google_maps_via_serpapi"", ""email"": ""website_scraped"", ""lead_score"": ""rule_based""}"
Le956ffe8e0,"Table Space The Capital- Enterprise Managed Office Space in BKC, Mumbai",Coworking space,"C-70, G Block, Bandra Kurla Complex, Andheri, Mumbai, Maharashtra 400051, India",+9118003157871,toll_free,info@tablespace.com,https://tablespace.com/office-space-in-mumbai/bkc/the-capital,https://www.google.com/maps/place/?q=place_id:ChIJL856iwnJ5zsROgyPfzqhmQ8,,0,website_scraped,linkedin: https://www.linkedin.com/company/tablespaceofficial; instagram: https://www.instagram.com/tablespaceofficial; facebook: https://www.facebook.com/TableSpaceOfficial; x: https://x.com/Table_Space_; youtube: https://youtube.com/@tablespaceofficial,"cafeteria, meeting_room",51,Warm,toll-free phone only; email found on official website; has website; 5 social profiles; 2 services listed on site,google_maps_via_serpapi,2026-10-01T06:44:45+00:00,ok,"{""company_name"": ""google_maps_via_serpapi"", ""phone"": ""google_maps_via_serpapi"", ""address"": ""google_maps_via_serpapi"", ""website"": ""google_maps_via_serpapi"", ""maps_url"": ""google_maps_via_serpapi"", ""email"": ""website_scraped"", ""social_links"": ""website_scraped"", ""services"": ""website_scraped"", ""lead_score"": ""rule_based""}"
L5fa95106ad,Hotcult India,Coworking space,"2nd floor, Naman Chambers, G Block, Bandra Kurla Complex, Bandra East, Mumbai, Maharashtra 400051, India",+919885826000,mobile,info@hotcult.in,https://hotcult.in,https://www.google.com/maps/place/?q=place_id:ChIJiZRR8cTJ5zsRhF6CaAcf4RM,,0,website_scraped,instagram: https://www.instagram.com/hotcult.in; facebook: https://www.facebook.com/hotcult.in; x: https://x.com/hotcultindia; linkedin: https://www.linkedin.com/company/hotcultindia; youtube: https://www.youtube.com/@hotcultindia,,50,Warm,direct mobile phone; email found on official website; has website; 5 social profiles,google_maps_via_serpapi,2026-10-01T06:44:45+00:00,ok,"{""company_name"": ""google_maps_via_serpapi"", ""phone"": ""google_maps_via_serpapi"", ""address"": ""google_maps_via_serpapi"", ""website"": ""google_maps_via_serpapi"", ""maps_url"": ""google_maps_via_serpapi"", ""email"": ""website_scraped"", ""social_links"": ""website_scraped"", ""lead_score"": ""rule_based""}"
L85d580f18c,"COWRKS Worli, Birla Centurion",Coworking space,"2nd & 3rd Floor, Wing - B, COWRKS, Pandurang Budhkar Marg, Century Mills, Worli, Mumbai, Maharashtra 400030, India",+919538611122,mobile,,https://cowrks.com/coworking-space-mumbai/worli-centurion,https://www.google.com/maps/place/?q=place_id:ChIJYaxoZpTO5zsR7BJsM_VFzLg,4.6,299,,,parking,50,Warm,direct mobile phone; has website; rating 4.6; 299 reviews; 1 services listed on site | gaps: no email,google_maps_via_serpapi,2026-10-01T06:44:48+00:00,ok,"{""company_name"": ""google_maps_via_serpapi"", ""phone"": ""google_maps_via_serpapi"", ""address"": ""google_maps_via_serpapi"", ""website"": ""google_maps_via_serpapi"", ""rating"": ""google_maps_via_serpapi"", ""review_count"": ""google_maps_via_serpapi"", ""maps_url"": ""google_maps_via_serpapi"", ""services"": ""website_scraped"", ""lead_score"": ""rule_based""}"
L4890914671,"COWRKS Powai, Prudential",Coworking space,"Cowrks, Prudential Building, Prudential IT Park, Unit one, 3rd Floor, Central Ave, Hiranandani Gardens, Powai, Mumbai, Maharashtra 400076, India",+919538611122,mobile,,https://cowrks.com/coworking-space-mumbai/powai-prudential,https://www.google.com/maps/place/?q=place_id:ChIJ254J-c7H5zsRdOb0XAQjdiM,4.6,270,,,parking,50,Warm,direct mobile phone; has website; rating 4.6; 270 reviews; 1 services listed on site | gaps: no email,google_maps_via_serpapi,2026-10-01T06:44:53+00:00,ok,"{""company_name"": ""google_maps_via_serpapi"", ""phone"": ""google_maps_via_serpapi"", ""address"": ""google_maps_via_serpapi"", ""website"": ""google_maps_via_serpapi"", ""rating"": ""google_maps_via_serpapi"", ""review_count"": ""google_maps_via_serpapi"", ""maps_url"": ""google_maps_via_serpapi"", ""services"": ""website_scraped"", ""lead_score"": ""rule_based""}"
L9f124d0a41,BloomDesk Coworking,Coworking space,"Western Edge II, B-10A, behind Metro Supermarket, off Western Express Highway, Magathane, Borivali East, Mumbai, Maharashtra 400066, India",+917506600877,mobile,info@bloomdesk.in,https://bloomdesk.in,https://www.google.com/maps/place/?q=place_id:ChIJa_RuY7235zsR0Js8qeeUEUY,4.3,4,website_scraped,,,49,Warm,direct mobile phone; email found on official website; has website; rating 4.3; 4 reviews,google_maps_via_serpapi,2026-10-01T06:45:24+00:00,ok,"{""company_name"": ""google_maps_via_serpapi"", ""phone"": ""google_maps_via_serpapi"", ""address"": ""google_maps_via_serpapi"", ""website"": ""google_maps_via_serpapi"", ""rating"": ""google_maps_via_serpapi"", ""review_count"": ""google_maps_via_serpapi"", ""maps_url"": ""google_maps_via_serpapi"", ""email"": ""website_scraped"", ""lead_score"": ""rule_based""}"
Lb7d6454836,Smartworks (Paradigm),Coworking space,"Wing A, Paradigm, Mindspace, Malad West, Mumbai, Maharashtra 400064, India",+918448980480,mobile,,https://smartworksoffice.com/office-space/mumbai/paradigm,https://www.google.com/maps/place/?q=place_id:ChIJkc9zyP635zsR4X6LNNeGPqA,3.8,22,,,"cafeteria, event_space, meeting_room",48,Warm,direct mobile phone; has website; rating 3.8; 22 reviews; 3 services listed on site | gaps: no email,google_maps_via_serpapi,2026-10-01T06:45:00+00:00,ok,"{""company_name"": ""google_maps_via_serpapi"", ""phone"": ""google_maps_via_serpapi"", ""address"": ""google_maps_via_serpapi"", ""website"": ""google_maps_via_serpapi"", ""rating"": ""google_maps_via_serpapi"", ""review_count"": ""google_maps_via_serpapi"", ""maps_url"": ""google_maps_via_serpapi"", ""services"": ""website_scraped"", ""lead_score"": ""rule_based""}"
L4233ba9999,Apeejay Business Centre,Business center,"Apeejay House, 3, Dinshaw Vacha Rd, near K.C College, Churchgate, Mumbai, Maharashtra 400020, India",+9118002741112,toll_free,abcindia@apeejaygroup.com,https://apeejaybusinesscentre.com/locations/churchgate,https://www.google.com/maps/place/?q=place_id:ChIJv4BxGejR5zsRCW8PbMZnRDY,4.1,210,website_scraped_related_domain,,,48,Warm,toll-free phone only; email found on official website; has website; rating 4.1; 210 reviews,google_maps_via_serpapi,2026-10-01T06:45:19+00:00,ok,"{""company_name"": ""google_maps_via_serpapi"", ""phone"": ""google_maps_via_serpapi"", ""address"": ""google_maps_via_serpapi"", ""website"": ""google_maps_via_serpapi"", ""rating"": ""google_maps_via_serpapi"", ""review_count"": ""google_maps_via_serpapi"", ""maps_url"": ""google_maps_via_serpapi"", ""email"": ""website_scraped_related_domain"", ""lead_score"": ""rule_based""}"
L1b0b110151,Dextrus,Coworking space,"Crescenzo Business District, A-802, G Block BKC, Bandra Kurla Complex, Bandra East, Mumbai, Maharashtra 400051, India",+912262606800,landline,,https://dextrus.in,https://www.google.com/maps/place/?q=place_id:ChIJ71dF2grJ5zsRDbEcb3FUSeo,4.5,126,,,open_24x7,47,Warm,direct landline; has website; rating 4.5; 126 reviews; 1 services listed on site | gaps: no email,google_maps_via_serpapi,2026-10-01T06:44:40+00:00,ok,"{""company_name"": ""google_maps_via_serpapi"", ""phone"": ""google_maps_via_serpapi"", ""address"": ""google_maps_via_serpapi"", ""website"": ""google_maps_via_serpapi"", ""rating"": ""google_maps_via_serpapi"", ""review_count"": ""google_maps_via_serpapi"", ""maps_url"": ""google_maps_via_serpapi"", ""services"": ""website_scraped"", ""lead_score"": ""rule_based""}"
Lfe7aaf12a2,Ilosung Private Limited,Coworking space,"WeWork Enam Sambhav, C - 20, G Block Rd, G Block BKC, Bandra Kurla Complex, Bandra East, Mumbai, Maharashtra 400051, India",,,sap@ilosung.com,https://ilosung.com,https://www.google.com/maps/place/?q=place_id:ChIJRf8Z4IHJ5zsR1PtJvWRhLm8,5,2,website_scraped,facebook: https://www.facebook.com/people/IL-Group/100063645714472; linkedin: https://www.linkedin.com/company/ilosung-private-limited,,47,Warm,email found on official website; has website; 2 social profiles; rating 5; 2 reviews | gaps: no phone,google_maps_via_serpapi,2026-10-01T06:44:45+00:00,ok,"{""company_name"": ""google_maps_via_serpapi"", ""address"": ""google_maps_via_serpapi"", ""website"": ""google_maps_via_serpapi"", ""rating"": ""google_maps_via_serpapi"", ""review_count"": ""google_maps_via_serpapi"", ""maps_url"": ""google_maps_via_serpapi"", ""email"": ""website_scraped"", ""social_links"": ""website_scraped"", ""lead_score"": ""rule_based""}"
L3a62e5dbd6,"COWRKS Powai, Winchester",Coworking space,"Ground Floor, Winchester, Hiranandani Gardens, Powai, Mumbai, Maharashtra 400076, India",+919538611122,mobile,,https://cowrks.com/coworking-space-mumbai/winchester,https://www.google.com/maps/place/?q=place_id:ChIJW-jdPMHH5zsRk_VYPV4Cweo,4.9,43,,,parking,47,Warm,direct mobile phone; has website; rating 4.9; 43 reviews; 1 services listed on site | gaps: no email,google_maps_via_serpapi,2026-10-01T06:44:53+00:00,ok,"{""company_name"": ""google_maps_via_serpapi"", ""phone"": ""google_maps_via_serpapi"", ""address"": ""google_maps_via_serpapi"", ""website"": ""google_maps_via_serpapi"", ""rating"": ""google_maps_via_serpapi"", ""review_count"": ""google_maps_via_serpapi"", ""maps_url"": ""google_maps_via_serpapi"", ""services"": ""website_scraped"", ""lead_score"": ""rule_based""}"
L498d37a03b,Innov8,Coworking space,"C-WING, KAILASH BUSINESS PARK, P2-4, Park Site Rd, HMPL Surya Nagar, Vikhroli West, Mumbai, Maharashtra 400079, India",+919999466688,mobile,,https://innov8.work/coworking-space/mumbai/kailash-business-park-vikhroli-5d68f256198600163c048b69,https://www.google.com/maps/place/?q=place_id:ChIJ9YHXwsHH5zsRlqTmMejYtHU,4.3,286,,,meeting_room,47,Warm,direct mobile phone; has website; rating 4.3; 286 reviews; 1 services listed on site | gaps: no email,google_maps_via_serpapi,2026-10-01T06:45:09+00:00,ok,"{""company_name"": ""google_maps_via_serpapi"", ""phone"": ""google_maps_via_serpapi"", ""address"": ""google_maps_via_serpapi"", ""website"": ""google_maps_via_serpapi"", ""rating"": ""google_maps_via_serpapi"", ""review_count"": ""google_maps_via_serpapi"", ""maps_url"": ""google_maps_via_serpapi"", ""services"": ""website_scraped"", ""lead_score"": ""rule_based""}"
L7dc0ce4b48,Alloy Workspaces,Coworking space,"Punjabwadi 397/A, Safal Pride Tower, unit no.401 4th floor, opp. Saras Baug Road, Deonar, Mumbai, Maharashtra 400088, India",+919860060000,mobile,,https://alloyworkspaces.com,https://www.google.com/maps/place/?q=place_id:ChIJZTBLlNCtZikR6dnzlKQG_9A,5,44,,instagram: https://www.instagram.com/alloyworkspaces,,47,Warm,direct mobile phone; has website; 1 social profile; rating 5; 44 reviews | gaps: no email,google_maps_via_serpapi,2026-10-01T06:45:21+00:00,ok,"{""company_name"": ""google_maps_via_serpapi"", ""phone"": ""google_maps_via_serpapi"", ""address"": ""google_maps_via_serpapi"", ""website"": ""google_maps_via_serpapi"", ""rating"": ""google_maps_via_serpapi"", ""review_count"": ""google_maps_via_serpapi"", ""maps_url"": ""google_maps_via_serpapi"", ""social_links"": ""website_scraped"", ""lead_score"": ""rule_based""}"
L321ec1fb8c,Lumos Cowork,Coworking space,"301 Shree Padmini Building, Sanpada, Society, Teli Galli Cross Rd, above Star Health and Allied Insurance, Andheri East, Mumbai, Maharashtra 400069, India",+919619242450,mobile,,https://co.lumoswork.com,https://www.google.com/maps/place/?q=place_id:ChIJ3ybCi9HJ5zsRfwNQ3Vzl4uQ,4.6,145,,,,45,Warm,direct mobile phone; has website; rating 4.6; 145 reviews | gaps: no email,google_maps_via_serpapi,2026-10-01T06:44:36+00:00,error,"{""company_name"": ""google_maps_via_serpapi"", ""phone"": ""google_maps_via_serpapi"", ""address"": ""google_maps_via_serpapi"", ""website"": ""google_maps_via_serpapi"", ""rating"": ""google_maps_via_serpapi"", ""review_count"": ""google_maps_via_serpapi"", ""maps_url"": ""google_maps_via_serpapi"", ""lead_score"": ""rule_based""}"
L98ea5af6cb,Millennial Pod,Coworking space,"Kanakia Boomerang A, B1-401, Chandivali Farm Rd, Yadav Nagar, Chandivali, Powai, Mumbai, Maharashtra 400072, India",+917738515652,mobile,,https://mpcoworking.com,https://www.google.com/maps/place/?q=place_id:ChIJIR0CKSfJ5zsRKf1Sa9FL45M,4.8,204,,,,45,Warm,direct mobile phone; has website; rating 4.8; 204 reviews | gaps: no email,google_maps_via_serpapi,2026-10-01T06:44:53+00:00,ok,"{""company_name"": ""google_maps_via_serpapi"", ""phone"": ""google_maps_via_serpapi"", ""address"": ""google_maps_via_serpapi"", ""website"": ""google_maps_via_serpapi"", ""rating"": ""google_maps_via_serpapi"", ""review_count"": ""google_maps_via_serpapi"", ""maps_url"": ""google_maps_via_serpapi"", ""lead_score"": ""rule_based""}"
Lb49d378147,Of10,Coworking space,"A/204, SUPREME BUSINESS PARK, Hiranandani Gardens, Powai, Mumbai, Maharashtra 400076, India",+919819472889,mobile,,https://of10.in,https://www.google.com/maps/place/?q=place_id:ChIJk0eaGubH5zsRNKPbc4wMlwo,4.5,446,,,,45,Warm,direct mobile phone; has website; rating 4.5; 446 reviews | gaps: no email,google_maps_via_serpapi,2026-10-01T06:44:53+00:00,blocked,"{""company_name"": ""google_maps_via_serpapi"", ""phone"": ""google_maps_via_serpapi"", ""address"": ""google_maps_via_serpapi"", ""website"": ""google_maps_via_serpapi"", ""rating"": ""google_maps_via_serpapi"", ""review_count"": ""google_maps_via_serpapi"", ""maps_url"": ""google_maps_via_serpapi"", ""lead_score"": ""rule_based""}"
L6624288ab8,Co-working Space,Coworking space,"Udyog Bhavan, 33/34, Sonawala Rd, Jay Prakash Nagar, Goregaon East, Mumbai, Maharashtra 400063, India",,,property@usindia.com,https://property.usindia.com/coworking/goregaon,https://www.google.com/maps/place/?q=place_id:ChIJxzNTWPK35zsR4ty2p0dq1wI,,0,website_scraped,,"cafeteria, meeting_room, open_24x7, parking",45,Warm,email found on official website; has website; 4 services listed on site | gaps: no phone,google_maps_via_serpapi,2026-10-01T06:44:56+00:00,ok,"{""company_name"": ""google_maps_via_serpapi"", ""address"": ""google_maps_via_serpapi"", ""website"": ""google_maps_via_serpapi"", ""maps_url"": ""google_maps_via_serpapi"", ""email"": ""website_scraped"", ""services"": ""website_scraped"", ""lead_score"": ""rule_based""}"
Lea7ee0bb06,"The Playce: Coworking, Events & Cafe",Coworking space,"Marathon Maxima, Lal Bahadur Shastri Marg, near Sonapur Signal, Moti Nagar, Mulund Colony, Mulund West, Mumbai, Maharashtra 400080, India",+919619139133,mobile,,https://theplayce.in,https://www.google.com/maps/place/?q=place_id:ChIJ__8_ily45zsR72iO-JNaqG8,4.7,1096,,,,45,Warm,direct mobile phone; has website; rating 4.7; 1096 reviews | gaps: no email,google_maps_via_serpapi,2026-10-01T06:44:58+00:00,ok,"{""company_name"": ""google_maps_via_serpapi"", ""phone"": ""google_maps_via_serpapi"", ""address"": ""google_maps_via_serpapi"", ""website"": ""google_maps_via_serpapi"", ""rating"": ""google_maps_via_serpapi"", ""review_count"": ""google_maps_via_serpapi"", ""maps_url"": ""google_maps_via_serpapi"", ""lead_score"": ""rule_based""}"
L7ecd4097b9,Hour Space : a co-working space like no other,Coworking space,"3rd floor, AMA House, Brahmakumaris Marg, near Strand Cinema, Apollo Bandar, Colaba, Mumbai, Maharashtra 400005, India",+919136677670,mobile,,https://hourspace.in,https://www.google.com/maps/place/?q=place_id:ChIJz6Yvo7_R5zsRN0xmekEr9Fw,4.8,110,,,,45,Warm,direct mobile phone; has website; rating 4.8; 110 reviews | gaps: no email,google_maps_via_serpapi,2026-10-01T06:45:19+00:00,blocked,"{""company_name"": ""google_maps_via_serpapi"", ""phone"": ""google_maps_via_serpapi"", ""address"": ""google_maps_via_serpapi"", ""website"": ""google_maps_via_serpapi"", ""rating"": ""google_maps_via_serpapi"", ""review_count"": ""google_maps_via_serpapi"", ""maps_url"": ""google_maps_via_serpapi"", ""lead_score"": ""rule_based""}"
L9df3a061eb,Ministry of New,Coworking space,"3rd Floor, Kitab Mahal, 192, Dr Dadabhai Naoroji Rd, Azad Maidan, Fort, Mumbai, Maharashtra 400001, India",+918452816505,mobile,,https://ministryofnew.in,https://www.google.com/maps/place/?q=place_id:ChIJjxcFNg_J5zsRNuJJ3RljsKA,4.5,401,,,,45,Warm,direct mobile phone; has website; rating 4.5; 401 reviews | gaps: no email,google_maps_via_serpapi,2026-10-01T06:45:19+00:00,blocked,"{""company_name"": ""google_maps_via_serpapi"", ""phone"": ""google_maps_via_serpapi"", ""address"": ""google_maps_via_serpapi"", ""website"": ""google_maps_via_serpapi"", ""rating"": ""google_maps_via_serpapi"", ""review_count"": ""google_maps_via_serpapi"", ""maps_url"": ""google_maps_via_serpapi"", ""lead_score"": ""rule_based""}"
L6797192dff,Cowrks,Coworking space,"Ground floor, Equinox Commercial Centre, Tower 3, Lal Bahadur Shastri Marg, off Bandra Kurla Complex Road, Ambedkar Nagar, Kurla West, Mumbai, Maharashtra 400070, India",+919538611122,mobile,,https://cowrks.com/coworking-space-mumbai/equinox,https://www.google.com/maps/place/?q=place_id:ChIJdYKjwZLI5zsReuD_ZEV-Yqo,4.4,59,,,parking,44,Warm,direct mobile phone; has website; rating 4.4; 59 reviews; 1 services listed on site | gaps: no email,google_maps_via_serpapi,2026-10-01T06:44:40+00:00,ok,"{""company_name"": ""google_maps_via_serpapi"", ""phone"": ""google_maps_via_serpapi"", ""address"": ""google_maps_via_serpapi"", ""website"": ""google_maps_via_serpapi"", ""rating"": ""google_maps_via_serpapi"", ""review_count"": ""google_maps_via_serpapi"", ""maps_url"": ""google_maps_via_serpapi"", ""services"": ""website_scraped"", ""lead_score"": ""rule_based""}"
Lc5f28a1c6c,Dextrus,Coworking space,"Peninsula Corporate Park, 6th & 9th Floor, Peninsula Towers, Lower Parel West, Lower Parel, Mumbai, Maharashtra 400013, India",+912262600700,landline,,https://dextrus.in,https://www.google.com/maps/place/?q=place_id:ChIJ_dtirF7P5zsR4MgPKkVHEvA,4.5,89,,,open_24x7,44,Warm,direct landline; has website; rating 4.5; 89 reviews; 1 services listed on site | gaps: no email,google_maps_via_serpapi,2026-10-01T06:44:48+00:00,ok,"{""company_name"": ""google_maps_via_serpapi"", ""phone"": ""google_maps_via_serpapi"", ""address"": ""google_maps_via_serpapi"", ""website"": ""google_maps_via_serpapi"", ""rating"": ""google_maps_via_serpapi"", ""review_count"": ""google_maps_via_serpapi"", ""maps_url"": ""google_maps_via_serpapi"", ""services"": ""website_scraped"", ""lead_score"": ""rule_based""}"
La7308f85c0,Mumbai Coworking,Coworking space,"Annapurna Building, 602 B, Off New Link Rd, near Adarsh Nagar, above Delicacy of China, Andheri, Oshiwara, Andheri West, Mumbai, Maharashtra 400102, India",+919222213191,mobile,,https://mumbaicoworking.com/affordable-coworking-space-in-mumbai,https://www.google.com/maps/place/?q=place_id:ChIJaalU2z625zsRomblz0pXyrM,4.1,157,,,,42,Warm,direct mobile phone; has website; rating 4.1; 157 reviews | gaps: no email,google_maps_via_serpapi,2026-10-01T06:44:36+00:00,error,"{""company_name"": ""google_maps_via_serpapi"", ""phone"": ""google_maps_via_serpapi"", ""address"": ""google_maps_via_serpapi"", ""website"": ""google_maps_via_serpapi"", ""rating"": ""google_maps_via_serpapi"", ""review_count"": ""google_maps_via_serpapi"", ""maps_url"": ""google_maps_via_serpapi"", ""lead_score"": ""rule_based""}"
Lb92653b9f2,Community Coworks (Ackruti Trade Center 5th floor),Coworking space,"5th floor, Ackruti Trade Centre Road Number 7 Kondivita, MIDC, Andheri East, Mumbai, Maharashtra 400093, India",+919653660382,mobile,,https://communityspaces.co.in,https://www.google.com/maps/place/?q=place_id:ChIJ32oDJkTJ5zsRbFGIc6NjLMQ,4.1,596,,,,42,Warm,direct mobile phone; has website; rating 4.1; 596 reviews | gaps: no email,google_maps_via_serpapi,2026-10-01T06:44:36+00:00,blocked,"{""company_name"": ""google_maps_via_serpapi"", ""phone"": ""google_maps_via_serpapi"", ""address"": ""google_maps_via_serpapi"", ""website"": ""google_maps_via_serpapi"", ""rating"": ""google_maps_via_serpapi"", ""review_count"": ""google_maps_via_serpapi"", ""maps_url"": ""google_maps_via_serpapi"", ""lead_score"": ""rule_based""}"
L418c032493,YesssWorks Andheri,Coworking space,"3rd floor, Ackruti Softech Park, Shree Krishna Nagar, Marol MIDC Industry Estate, Andheri East, Mumbai, Maharashtra 400093, India",+918929504480,mobile,,https://yesssworks.com/andheri-office.html,https://www.google.com/maps/place/?q=place_id:ChIJGfKl3DrI5zsR-xBCv9mfHXc,4.1,219,,,,42,Warm,direct mobile phone; has website; rating 4.1; 219 reviews | gaps: no email,google_maps_via_serpapi,2026-10-01T06:44:36+00:00,error,"{""company_name"": ""google_maps_via_serpapi"", ""phone"": ""google_maps_via_serpapi"", ""address"": ""google_maps_via_serpapi"", ""website"": ""google_maps_via_serpapi"", ""rating"": ""google_maps_via_serpapi"", ""review_count"": ""google_maps_via_serpapi"", ""maps_url"": ""google_maps_via_serpapi"", ""lead_score"": ""rule_based""}"
L45756c55b5,MyBranch,Coworking space,"Andheri (E, B, Ground Floor, Abel Estate, Saki Vihar Rd, behind Finch Restaurant, Mumbai, Maharashtra 400072, India",+918451999506,mobile,,https://bit.ly/48Ndmd0,https://www.google.com/maps/place/?q=place_id:ChIJwVY9wtDJ5zsRnTSHhfJEOTw,4.5,69,,,,42,Warm,direct mobile phone; has website; rating 4.5; 69 reviews | gaps: no email,google_maps_via_serpapi,2026-10-01T06:44:38+00:00,blocked,"{""company_name"": ""google_maps_via_serpapi"", ""phone"": ""google_maps_via_serpapi"", ""address"": ""google_maps_via_serpapi"", ""website"": ""google_maps_via_serpapi"", ""rating"": ""google_maps_via_serpapi"", ""review_count"": ""google_maps_via_serpapi"", ""maps_url"": ""google_maps_via_serpapi"", ""lead_score"": ""rule_based""}"
Lf590c1a5c2,YesssWorks Andheri,Coworking space,"S14, Second Floor Pinnacle Business Park Mahakali Caves Road, Andheri - Kurla Rd, M.I.D.C, Andheri East, Mumbai, Maharashtra 400093, India",+918929504480,mobile,,https://yesssworks.com/pinnacle-office.html,https://www.google.com/maps/place/?q=place_id:ChIJ7_Cq1BfJ5zsRO45sMxGnjhw,4.7,55,,,,42,Warm,direct mobile phone; has website; rating 4.7; 55 reviews | gaps: no email,google_maps_via_serpapi,2026-10-01T06:44:38+00:00,error,"{""company_name"": ""google_maps_via_serpapi"", ""phone"": ""google_maps_via_serpapi"", ""address"": ""google_maps_via_serpapi"", ""website"": ""google_maps_via_serpapi"", ""rating"": ""google_maps_via_serpapi"", ""review_count"": ""google_maps_via_serpapi"", ""maps_url"": ""google_maps_via_serpapi"", ""lead_score"": ""rule_based""}"
L86bd1b507e,Skyline Icon,Office space rental agency,"Andheri - Kurla Rd, Mittal Industrial Estate, Marol, Andheri East, Mumbai, Maharashtra 400059, India",+919321625550,mobile,,https://skylinegroup.info/skyline-group.htm,https://www.google.com/maps/place/?q=place_id:ChIJ__-_f2zI5zsRngyVMyfuzDs,4.3,575,,,,42,Warm,direct mobile phone; has website; rating 4.3; 575 reviews | gaps: no email,google_maps_via_serpapi,2026-10-01T06:44:38+00:00,ok,"{""company_name"": ""google_maps_via_serpapi"", ""phone"": ""google_maps_via_serpapi"", ""address"": ""google_maps_via_serpapi"", ""website"": ""google_maps_via_serpapi"", ""rating"": ""google_maps_via_serpapi"", ""review_count"": ""google_maps_via_serpapi"", ""maps_url"": ""google_maps_via_serpapi"", ""lead_score"": ""rule_based""}"
L6a251d139c,Arohas Workspace,Coworking space,"First Floor, 3R8J+R42, Sahana Enclave, Dr Ambedkar Rd, Pali Pathar, Bandra West, Mumbai, Maharashtra 400050, India",+919820680999,mobile,,https://arohas.biz,https://www.google.com/maps/place/?q=place_id:ChIJ4-TE9DfJ5zsRvWvB9w1AowM,4.8,86,,,,42,Warm,direct mobile phone; has website; rating 4.8; 86 reviews | gaps: no email,google_maps_via_serpapi,2026-10-01T06:44:40+00:00,blocked,"{""company_name"": ""google_maps_via_serpapi"", ""phone"": ""google_maps_via_serpapi"", ""address"": ""google_maps_via_serpapi"", ""website"": ""google_maps_via_serpapi"", ""rating"": ""google_maps_via_serpapi"", ""review_count"": ""google_maps_via_serpapi"", ""maps_url"": ""google_maps_via_serpapi"", ""lead_score"": ""rule_based""}"
Laf9c7b902d,Regus,Coworking space,"11th Floor, Platina Tower, plot C 59, Bandra Kurla Complex Rd, G Block, Bandra Kurla Complex, Bandra East, Mumbai, Maharashtra 400051, India",+912267000500,landline,,https://regus.com/en/in/5651,https://www.google.com/maps/place/?q=place_id:ChIJo8eW9ebI5zsRWXySu5_KPGY,4.5,507,,,,42,Warm,direct landline; has website; rating 4.5; 507 reviews | gaps: no email,google_maps_via_serpapi,2026-10-01T06:44:45+00:00,ok,"{""company_name"": ""google_maps_via_serpapi"", ""phone"": ""google_maps_via_serpapi"", ""address"": ""google_maps_via_serpapi"", ""website"": ""google_maps_via_serpapi"", ""rating"": ""google_maps_via_serpapi"", ""review_count"": ""google_maps_via_serpapi"", ""maps_url"": ""google_maps_via_serpapi"", ""lead_score"": ""rule_based""}"
L157ae4672e,Workbay Coworking,Coworking space,"3R5Q+P5Q, behind DDecor Showroom, Patkar Blocks, Bandra West, Mumbai, Maharashtra 400050, India",+919820979277,mobile,,https://workbay.in,https://www.google.com/maps/place/?q=place_id:ChIJFe9b0QHJ5zsRmiYP12zOR1k,4.6,52,,,,42,Warm,direct mobile phone; has website; rating 4.6; 52 reviews | gaps: no email,google_maps_via_serpapi,2026-10-01T06:44:45+00:00,blocked,"{""company_name"": ""google_maps_via_serpapi"", ""phone"": ""google_maps_via_serpapi"", ""address"": ""google_maps_via_serpapi"", ""website"": ""google_maps_via_serpapi"", ""rating"": ""google_maps_via_serpapi"", ""review_count"": ""google_maps_via_serpapi"", ""maps_url"": ""google_maps_via_serpapi"", ""lead_score"": ""rule_based""}"
L22d283bf84,603,Coworking space,"603, Makhija Arcade, 35th Rd, Khar, Khar West, Mumbai, Maharashtra 400052, India",+919136036603,mobile,,https://603thecoworkingspace.com,https://www.google.com/maps/place/?q=place_id:ChIJ8yvMQRHJ5zsRPyYlL0DDE0s,4.5,60,,,,42,Warm,direct mobile phone; has website; rating 4.5; 60 reviews | gaps: no email,google_maps_via_serpapi,2026-10-01T06:44:45+00:00,ok,"{""company_name"": ""google_maps_via_serpapi"", ""phone"": ""google_maps_via_serpapi"", ""address"": ""google_maps_via_serpapi"", ""website"": ""google_maps_via_serpapi"", ""rating"": ""google_maps_via_serpapi"", ""review_count"": ""google_maps_via_serpapi"", ""maps_url"": ""google_maps_via_serpapi"", ""lead_score"": ""rule_based""}"
Lacc302caab,Garage Coworking Space,Coworking space,"Sun Mill Compound, 210, Senapati Bapat Marg, Lower Parel, Mumbai, Maharashtra 400013, India",+918291815591,mobile,,https://thegarage.one,https://www.google.com/maps/place/?q=place_id:ChIJ2TrmoYzO5zsRbrMR0hmKXQU,4.3,244,,,,42,Warm,direct mobile phone; has website; rating 4.3; 244 reviews | gaps: no email,google_maps_via_serpapi,2026-10-01T06:44:48+00:00,robots_disallowed,"{""company_name"": ""google_maps_via_serpapi"", ""phone"": ""google_maps_via_serpapi"", ""address"": ""google_maps_via_serpapi"", ""website"": ""google_maps_via_serpapi"", ""rating"": ""google_maps_via_serpapi"", ""review_count"": ""google_maps_via_serpapi"", ""maps_url"": ""google_maps_via_serpapi"", ""lead_score"": ""rule_based""}"
L7d28087167,Community Coworks (Boomerang),Coworking space,"Kanakia Boomerang, A-305, Chandivali Farm Rd, Yadav Nagar, Chandivali, Powai, Mumbai, Maharashtra 400072, India",+919653660382,mobile,,https://communityspaces.co.in,https://www.google.com/maps/place/?q=place_id:ChIJOUziRrHJ5zsR3hdCX02e-EE,4.8,35,,,,42,Warm,direct mobile phone; has website; rating 4.8; 35 reviews | gaps: no email,google_maps_via_serpapi,2026-10-01T06:44:53+00:00,blocked,"{""company_name"": ""google_maps_via_serpapi"", ""phone"": ""google_maps_via_serpapi"", ""address"": ""google_maps_via_serpapi"", ""website"": ""google_maps_via_serpapi"", ""rating"": ""google_maps_via_serpapi"", ""review_count"": ""google_maps_via_serpapi"", ""maps_url"": ""google_maps_via_serpapi"", ""lead_score"": ""rule_based""}"
L2fdd711353,COWRKS Spectra,Coworking space,"4th Floor, Spectra Building, COWRKS, High St, Hiranandani Gardens, Powai, Mumbai, Maharashtra 400076, India",+919538611122,mobile,,https://cowrks.com/coworking-space-mumbai/powai-spectra,https://www.google.com/maps/place/?q=place_id:ChIJgWcgDDfH5zsRoSYZDzYgj6I,4.7,6,,,parking,42,Warm,direct mobile phone; has website; rating 4.7; 6 reviews; 1 services listed on site | gaps: no email,google_maps_via_serpapi,2026-10-01T06:44:53+00:00,ok,"{""company_name"": ""google_maps_via_serpapi"", ""phone"": ""google_maps_via_serpapi"", ""address"": ""google_maps_via_serpapi"", ""website"": ""google_maps_via_serpapi"", ""rating"": ""google_maps_via_serpapi"", ""review_count"": ""google_maps_via_serpapi"", ""maps_url"": ""google_maps_via_serpapi"", ""services"": ""website_scraped"", ""lead_score"": ""rule_based""}"
L59c34e8f21,Meetings and Offices,Coworking space,"91 Springboard, Godrej & Boyce, Gate No 2, Plant, No. 6, Lal Bahadur Shastri Marg, Opposite, Vikhroli Village, Vikhroli West, Mumbai, Maharashtra 400079, India",+917506947510,mobile,,https://meetingsandoffices.com,https://www.google.com/maps/place/?q=place_id:ChIJD6wR9-vO5zsRAXb6JcsoLIw,5,84,,,,42,Warm,direct mobile phone; has website; rating 5; 84 reviews | gaps: no email,google_maps_via_serpapi,2026-10-01T06:44:54+00:00,error,"{""company_name"": ""google_maps_via_serpapi"", ""phone"": ""google_maps_via_serpapi"", ""address"": ""google_maps_via_serpapi"", ""website"": ""google_maps_via_serpapi"", ""rating"": ""google_maps_via_serpapi"", ""review_count"": ""google_maps_via_serpapi"", ""maps_url"": ""google_maps_via_serpapi"", ""lead_score"": ""rule_based""}"
L4837a18aa0,Officebing,Coworking space,"KAILASH BUSINESS PARK, Park Site Rd, Vikhroli (W, HMPL Surya Nagar, Vikhroli West, Mumbai, Maharashtra 400079, India",+917306247247,mobile,,https://officebing.com/kailas-business-park-vikhroli,https://www.google.com/maps/place/?q=place_id:ChIJyzc07-nH5zsRE5MZ_ON7Kg0,4.8,35,,,,42,Warm,direct mobile phone; has website; rating 4.8; 35 reviews | gaps: no email,google_maps_via_serpapi,2026-10-01T06:44:54+00:00,error,"{""company_name"": ""google_maps_via_serpapi"", ""phone"": ""google_maps_via_serpapi"", ""address"": ""google_maps_via_serpapi"", ""website"": ""google_maps_via_serpapi"", ""rating"": ""google_maps_via_serpapi"", ""review_count"": ""google_maps_via_serpapi"", ""maps_url"": ""google_maps_via_serpapi"", ""lead_score"": ""rule_based""}"
L11407c186e,Lumos Cowork,Coworking space,"B Wing, Lumos cowork, Vasudev Chamber, CRESCENT GRANDE, 5th, Old Nagardas Rd, Mogra Village, Mogra Pada, Natwar Nagar, Andheri East, Mumbai, Maharashtra 400069, India",+919619242450,mobile,,https://co.lumoswork.com,https://www.google.com/maps/place/?q=place_id:ChIJZ7ytsBTJ5zsR0yH1lVSXO44,4.5,38,,,,42,Warm,direct mobile phone; has website; rating 4.5; 38 reviews | gaps: no email,google_maps_via_serpapi,2026-10-01T06:44:58+00:00,error,"{""company_name"": ""google_maps_via_serpapi"", ""phone"": ""google_maps_via_serpapi"", ""address"": ""google_maps_via_serpapi"", ""website"": ""google_maps_via_serpapi"", ""rating"": ""google_maps_via_serpapi"", ""review_count"": ""google_maps_via_serpapi"", ""maps_url"": ""google_maps_via_serpapi"", ""lead_score"": ""rule_based""}"
Laa73d4fed1,6 Club,Coworking space,"Room no. 08, No. 18, near Jambori Medan, RB2 Central Railway Quarters, Bdd Chawal, Worli, Mumbai, Maharashtra 400022, India",,,support@6club.uk,https://6club.uk,https://www.google.com/maps/place/?q=place_id:ChIJL5Z0uQXP5zsReecAZwe6_Q4,4.8,4,website_scraped,,open_24x7,42,Warm,email found on official website; has website; rating 4.8; 4 reviews; 1 services listed on site | gaps: no phone,google_maps_via_serpapi,2026-10-01T06:45:04+00:00,ok,"{""company_name"": ""google_maps_via_serpapi"", ""address"": ""google_maps_via_serpapi"", ""website"": ""google_maps_via_serpapi"", ""rating"": ""google_maps_via_serpapi"", ""review_count"": ""google_maps_via_serpapi"", ""maps_url"": ""google_maps_via_serpapi"", ""email"": ""website_scraped"", ""services"": ""website_scraped"", ""lead_score"": ""rule_based""}"
L2e082c9095,MyDesk- Co-working Spaces 2.0,Coworking space,"1108-Eleventh floor, Resorts & Starbucks coffee, Techno It Park, New Link Rd, near Eskay Road, Eksar Village, Eksar, Borivali, Mumbai, Maharashtra 400091, India",+918169044581,mobile,,https://mydeskmyoffice9.wixsite.com/mydeskcoworking,https://www.google.com/maps/place/?q=place_id:ChIJNTJo9ICx5zsRmDkWrsg3DAg,4.5,31,,,,42,Warm,direct mobile phone; has website; rating 4.5; 31 reviews | gaps: no email,google_maps_via_serpapi,2026-10-01T06:45:24+00:00,blocked,"{""company_name"": ""google_maps_via_serpapi"", ""phone"": ""google_maps_via_serpapi"", ""address"": ""google_maps_via_serpapi"", ""website"": ""google_maps_via_serpapi"", ""rating"": ""google_maps_via_serpapi"", ""review_count"": ""google_maps_via_serpapi"", ""maps_url"": ""google_maps_via_serpapi"", ""lead_score"": ""rule_based""}"
La09b77e470,My Office Desk Space (Co-working Space / Shared Office Space),Coworking space,"G 7,G10, Zoom Plaza (Maxus Mall, opposite Gorai Bus Depot, Gorai 1, Borivali West, Mumbai, Maharashtra 400091, India",+919820031780,mobile,,https://myofficedeskspace.in,https://www.google.com/maps/place/?q=place_id:ChIJvWdQ99ax5zsROEtBOi1y-qk,4.9,7,,,meeting_room,42,Warm,direct mobile phone; has website; rating 4.9; 7 reviews; 1 services listed on site | gaps: no email,google_maps_via_serpapi,2026-10-01T06:45:24+00:00,ok,"{""company_name"": ""google_maps_via_serpapi"", ""phone"": ""google_maps_via_serpapi"", ""address"": ""google_maps_via_serpapi"", ""website"": ""google_maps_via_serpapi"", ""rating"": ""google_maps_via_serpapi"", ""review_count"": ""google_maps_via_serpapi"", ""maps_url"": ""google_maps_via_serpapi"", ""services"": ""website_scraped"", ""lead_score"": ""rule_based""}"
Lf7443b3e8f,Redbrick Offices,Coworking space,"Grande Palladium, 175, CST Road, Kolivery Village, MMRDA Area, Kalina, Santacruz East, Mumbai, Maharashtra 400098, India",+9118001209088,toll_free,,https://redbrickoffices.com,https://www.google.com/maps/place/?q=place_id:ChIJT_RLEvLI5zsRkQ6gjeYpuss,4.5,17,,linkedin: https://www.linkedin.com/in/ayush-goenka-148566375; x: https://twitter.com/Redbrickoffices; facebook: https://www.facebook.com/RedbrickOffices; youtube: https://www.youtube.com/@RedbrickOffices; instagram: https://www.instagram.com/redbrickoffices,,40,Warm,toll-free phone only; has website; 5 social profiles; rating 4.5; 17 reviews | gaps: no email,google_maps_via_serpapi,2026-10-01T06:44:45+00:00,ok,"{""company_name"": ""google_maps_via_serpapi"", ""phone"": ""google_maps_via_serpapi"", ""address"": ""google_maps_via_serpapi"", ""website"": ""google_maps_via_serpapi"", ""rating"": ""google_maps_via_serpapi"", ""review_count"": ""google_maps_via_serpapi"", ""maps_url"": ""google_maps_via_serpapi"", ""social_links"": ""website_scraped"", ""lead_score"": ""rule_based""}"
L77e2d6268b,Redbrick Offices,Coworking space,"Tex Center, E Wing, Chandivali Farm Rd, Chandivali, Saki Village, Chandivali, Powai, Mumbai, Maharashtra 400072, India",+9118001209088,toll_free,,https://redbrickoffices.com,https://www.google.com/maps/place/?q=place_id:ChIJ42WzhQzI5zsR2lkmRVYJr1o,4.2,60,,linkedin: https://www.linkedin.com/in/ayush-goenka-148566375; x: https://twitter.com/Redbrickoffices; facebook: https://www.facebook.com/RedbrickOffices; youtube: https://www.youtube.com/@RedbrickOffices; instagram: https://www.instagram.com/redbrickoffices,,40,Warm,toll-free phone only; has website; 5 social profiles; rating 4.2; 60 reviews | gaps: no email,google_maps_via_serpapi,2026-10-01T06:44:53+00:00,ok,"{""company_name"": ""google_maps_via_serpapi"", ""phone"": ""google_maps_via_serpapi"", ""address"": ""google_maps_via_serpapi"", ""website"": ""google_maps_via_serpapi"", ""rating"": ""google_maps_via_serpapi"", ""review_count"": ""google_maps_via_serpapi"", ""maps_url"": ""google_maps_via_serpapi"", ""social_links"": ""website_scraped"", ""lead_score"": ""rule_based""}"
Lef8c7472fd,Divine Hub,Coworking space,"Divine hub Co-working space, CONA Industries Pvt. Ltd., Paperbox road, 303, Off Mahakali Caves Rd, Andheri East, Mumbai, Maharashtra 400093, India",+919987547773,mobile,,https://divinehub.co.in,https://www.google.com/maps/place/?q=place_id:ChIJO-ZUVPnJ5zsRHWXmLkX9Pa8,4.9,18,,,,39,Cold,direct mobile phone; has website; rating 4.9; 18 reviews | gaps: no email,google_maps_via_serpapi,2026-10-01T06:44:36+00:00,error,"{""company_name"": ""google_maps_via_serpapi"", ""phone"": ""google_maps_via_serpapi"", ""address"": ""google_maps_via_serpapi"", ""website"": ""google_maps_via_serpapi"", ""rating"": ""google_maps_via_serpapi"", ""review_count"": ""google_maps_via_serpapi"", ""maps_url"": ""google_maps_via_serpapi"", ""lead_score"": ""rule_based""}"
Lf10e07b4c6,Incuspaze Coworking Space in Mumbai Andheri East,Coworking space,"203, 2nd, Akruti Star, MIDC Central Rd, Kondivita, Andheri East, Mumbai, Maharashtra 400093, India",+919619889091,mobile,,https://incuspaze.com/coworking-space/mumbai/andheri-east,https://www.google.com/maps/place/?q=place_id:ChIJWcyLH4jJ5zsRHWg3eTDg3XU,4.2,71,,,,39,Cold,direct mobile phone; has website; rating 4.2; 71 reviews | gaps: no email,google_maps_via_serpapi,2026-10-01T06:44:36+00:00,error,"{""company_name"": ""google_maps_via_serpapi"", ""phone"": ""google_maps_via_serpapi"", ""address"": ""google_maps_via_serpapi"", ""website"": ""google_maps_via_serpapi"", ""rating"": ""google_maps_via_serpapi"", ""review_count"": ""google_maps_via_serpapi"", ""maps_url"": ""google_maps_via_serpapi"", ""lead_score"": ""rule_based""}"
L5ed2b0d98f,Mumbai Coworking 2.0,Coworking space,"Morya Grand, 306, opp. Infiniti Mall, Andheri West, Mumbai, Maharashtra 400053, India",+919222213191,mobile,,https://mumbaicoworking.com,https://www.google.com/maps/place/?q=place_id:ChIJvxz39Iu35zsRMSX_xp93Voc,4.6,16,,,,39,Cold,direct mobile phone; has website; rating 4.6; 16 reviews | gaps: no email,google_maps_via_serpapi,2026-10-01T06:44:38+00:00,error,"{""company_name"": ""google_maps_via_serpapi"", ""phone"": ""google_maps_via_serpapi"", ""address"": ""google_maps_via_serpapi"", ""website"": ""google_maps_via_serpapi"", ""rating"": ""google_maps_via_serpapi"", ""review_count"": ""google_maps_via_serpapi"", ""maps_url"": ""google_maps_via_serpapi"", ""lead_score"": ""rule_based""}"
Lf339e7af3b,DA Co-Working space Andheri,Coworking space,"3rd & 4th Floor, Vasudev Chambers, B Wing, Old Nagardas Rd, Mogra Village, Mogra Pada, Natwar Nagar, Andheri East, Mumbai, Maharashtra 400069, India",+919082641304,mobile,,https://dabusinesscentre.com,https://www.google.com/maps/place/?q=place_id:ChIJB9w3y7vJ5zsRKFB8naw_5TY,4.9,17,,,,39,Cold,direct mobile phone; has website; rating 4.9; 17 reviews | gaps: no email,google_maps_via_serpapi,2026-10-01T06:44:38+00:00,robots_disallowed,"{""company_name"": ""google_maps_via_serpapi"", ""phone"": ""google_maps_via_serpapi"", ""address"": ""google_maps_via_serpapi"", ""website"": ""google_maps_via_serpapi"", ""rating"": ""google_maps_via_serpapi"", ""review_count"": ""google_maps_via_serpapi"", ""maps_url"": ""google_maps_via_serpapi"", ""lead_score"": ""rule_based""}"
Lf46bb690ee,Dextrus One BKC,Coworking space,"B wing, ONE BKC, 1101 - 1106, G Block BKC, Bandra Kurla Complex, Bandra East, Mumbai, Maharashtra 400051, India",+912265901000,landline,,https://dextrus.in,https://www.google.com/maps/place/?q=place_id:ChIJT5B12FrJ5zsRSAml2hkroZA,4.5,6,,,open_24x7,39,Cold,direct landline; has website; rating 4.5; 6 reviews; 1 services listed on site | gaps: no email,google_maps_via_serpapi,2026-10-01T06:44:45+00:00,ok,"{""company_name"": ""google_maps_via_serpapi"", ""phone"": ""google_maps_via_serpapi"", ""address"": ""google_maps_via_serpapi"", ""website"": ""google_maps_via_serpapi"", ""rating"": ""google_maps_via_serpapi"", ""review_count"": ""google_maps_via_serpapi"", ""maps_url"": ""google_maps_via_serpapi"", ""services"": ""website_scraped"", ""lead_score"": ""rule_based""}"
L97c1160aae,Workbay Coworking,Coworking space,"Sundervilla, A wing 314A/B, Hasmukh Nagar, Santacruz (West), Mumbai, Maharashtra 400054, India",+919820979277,mobile,,https://workbay.in,https://www.google.com/maps/place/?q=place_id:ChIJJ4rbSw_J5zsRIxdzybPY_8U,4.2,97,,,,39,Cold,direct mobile phone; has website; rating 4.2; 97 reviews | gaps: no email,google_maps_via_serpapi,2026-10-01T06:44:45+00:00,blocked,"{""company_name"": ""google_maps_via_serpapi"", ""phone"": ""google_maps_via_serpapi"", ""address"": ""google_maps_via_serpapi"", ""website"": ""google_maps_via_serpapi"", ""rating"": ""google_maps_via_serpapi"", ""review_count"": ""google_maps_via_serpapi"", ""maps_url"": ""google_maps_via_serpapi"", ""lead_score"": ""rule_based""}"
Lcebf1f0314,603 The CoWorking Space,Coworking space,"C Wing, Next Gen, BLOCK-B2, 101, Ganapatrao Kadam Marg, Lower Parel, Mumbai, Maharashtra 400013, India",+919136036603,mobile,,https://603thecoworkingspace.com,https://www.google.com/maps/place/?q=place_id:ChIJbzFDqvzP5zsR508O_4c4RxA,4.4,88,,,,39,Cold,direct mobile phone; has website; rating 4.4; 88 reviews | gaps: no email,google_maps_via_serpapi,2026-10-01T06:44:48+00:00,ok,"{""company_name"": ""google_maps_via_serpapi"", ""phone"": ""google_maps_via_serpapi"", ""address"": ""google_maps_via_serpapi"", ""website"": ""google_maps_via_serpapi"", ""rating"": ""google_maps_via_serpapi"", ""review_count"": ""google_maps_via_serpapi"", ""maps_url"": ""google_maps_via_serpapi"", ""lead_score"": ""rule_based""}"
L9c1e91a0ad,The Business Quarter by QUORUM.,Coworking space,"Tower 2A, One World Center, 5th, 6th & 7th Floor, North Annex, 841, Senapati Bapat Marg, Elphinstone, BDD Chawl, Lower Parel, Mumbai, Maharashtra 400013, India",+917208898777,mobile,,https://thequorumclub.com/the-business-quarter-mumbai,https://www.google.com/maps/place/?q=place_id:ChIJ3encjCbP5zsRWnBa-vrDG20,4.8,17,,,,39,Cold,direct mobile phone; has website; rating 4.8; 17 reviews | gaps: no email,google_maps_via_serpapi,2026-10-01T06:44:48+00:00,blocked,"{""company_name"": ""google_maps_via_serpapi"", ""phone"": ""google_maps_via_serpapi"", ""address"": ""google_maps_via_serpapi"", ""website"": ""google_maps_via_serpapi"", ""rating"": ""google_maps_via_serpapi"", ""review_count"": ""google_maps_via_serpapi"", ""maps_url"": ""google_maps_via_serpapi"", ""lead_score"": ""rule_based""}"
La2f0b83e73,"THE COLLECTIVE Altimus, Mumbai",Coworking space,"Level 14, Altimus, Pandurang Budhkar Marg, B Wing, BDD Chawls Worli, Worli, Mumbai, Maharashtra 400018, India",,,,https://justcoglobal.com/en-in/centre/the-collective-altimus,https://www.google.com/maps/place/?q=place_id:ChIJo68pJK3P5zsRl7W0KI-gVDM,,0,,linkedin: https://www.linkedin.com/company/justco; facebook: https://www.facebook.com/JustCoGlobal; instagram: https://www.instagram.com/justcoglobal; youtube: https://www.youtube.com/channel/UC9AoNevgy2yDXLyyVs3jVbw,"day_pass, dedicated_desk, event_space, hot_desk, meeting_room, private_cabin, virtual_office",39,Incomplete,"has website; 4 social profiles; 7 services listed on site | gaps: no phone, no email | capped at 39: no direct contact (phone or email)",google_maps_via_serpapi,2026-10-01T06:44:50+00:00,ok,"{""company_name"": ""google_maps_via_serpapi"", ""address"": ""google_maps_via_serpapi"", ""website"": ""google_maps_via_serpapi"", ""maps_url"": ""google_maps_via_serpapi"", ""social_links"": ""website_scraped"", ""services"": ""website_scraped"", ""lead_score"": ""rule_based""}"
L294e390c9c,IndiQube Lakeview,Coworking space,"L & T Business Park, New Mhada Colony, Savarkar Nagar, Chandivali, Powai, Mumbai, Maharashtra 400072, India",+917349282552,mobile,,https://indiqube.com,https://www.google.com/maps/place/?q=place_id:ChIJM21H5XHJ5zsR--EbadJDW1o,4.7,23,,,,39,Cold,direct mobile phone; has website; rating 4.7; 23 reviews | gaps: no email,google_maps_via_serpapi,2026-10-01T06:44:53+00:00,ok,"{""company_name"": ""google_maps_via_serpapi"", ""phone"": ""google_maps_via_serpapi"", ""address"": ""google_maps_via_serpapi"", ""website"": ""google_maps_via_serpapi"", ""rating"": ""google_maps_via_serpapi"", ""review_count"": ""google_maps_via_serpapi"", ""maps_url"": ""google_maps_via_serpapi"", ""lead_score"": ""rule_based""}"
La4c5a7ace5,Incuspaze Hiranandani Lighthall Business Park,Coworking space,"Hiranandani Business Park, Saki Vihar Rd, Tunga Village, Chandivali, Powai, Mumbai, Maharashtra 400072, India",+919930662621,mobile,,https://incuspaze.com/mumbai/space-details/incuspaze-hiranandani-lighthall,https://www.google.com/maps/place/?q=place_id:ChIJKcmvAVfJ5zsRpw4_t9xAK0Q,4.2,45,,,,39,Cold,direct mobile phone; has website; rating 4.2; 45 reviews | gaps: no email,google_maps_via_serpapi,2026-10-01T06:44:53+00:00,error,"{""company_name"": ""google_maps_via_serpapi"", ""phone"": ""google_maps_via_serpapi"", ""address"": ""google_maps_via_serpapi"", ""website"": ""google_maps_via_serpapi"", ""rating"": ""google_maps_via_serpapi"", ""review_count"": ""google_maps_via_serpapi"", ""maps_url"": ""google_maps_via_serpapi"", ""lead_score"": ""rule_based""}"
Lf3d7073a61,Jaswanti,Coworking space,"New Muncipal Market, Parekh Road, Malad, Vijaykar Wadi Industrial, Vijaykar Wadi, Malad West, Mumbai, Maharashtra 400064, India",+918767052222,mobile,,https://jaswantimalad.com,https://www.google.com/maps/place/?q=place_id:ChIJ31pyKLm35zsRu-v5GA0mUlM,4,1,,,parking,39,Cold,direct mobile phone; has website; rating 4; 1 reviews; 1 services listed on site | gaps: no email,google_maps_via_serpapi,2026-10-01T06:45:02+00:00,ok,"{""company_name"": ""google_maps_via_serpapi"", ""phone"": ""google_maps_via_serpapi"", ""address"": ""google_maps_via_serpapi"", ""website"": ""google_maps_via_serpapi"", ""rating"": ""google_maps_via_serpapi"", ""review_count"": ""google_maps_via_serpapi"", ""maps_url"": ""google_maps_via_serpapi"", ""services"": ""website_scraped"", ""lead_score"": ""rule_based""}"
L63d6b08ad5,19Forty Coworks,Coworking space,"Vani Apartment Vikas Centre, 16th, Kolwada Borla Rd, Wadavli, Vasant Vihar Complex, Chembur, Mumbai, Maharashtra 400074, India",+919326949299,mobile,,https://19fortycoworks.com,https://www.google.com/maps/place/?q=place_id:ChIJFYBBBZjH5zsReRREVNH9rFY,4.9,28,,,,39,Cold,direct mobile phone; has website; rating 4.9; 28 reviews | gaps: no email,google_maps_via_serpapi,2026-10-01T06:45:21+00:00,blocked,"{""company_name"": ""google_maps_via_serpapi"", ""phone"": ""google_maps_via_serpapi"", ""address"": ""google_maps_via_serpapi"", ""website"": ""google_maps_via_serpapi"", ""rating"": ""google_maps_via_serpapi"", ""review_count"": ""google_maps_via_serpapi"", ""maps_url"": ""google_maps_via_serpapi"", ""lead_score"": ""rule_based""}"
L059f6718c9,MyDesk 5.0,Coworking space,"Techno It Park, 912, near Eskay Resorts, Borivali, Mumbai, Maharashtra 400092, India",+919833385060,mobile,,https://mydeskmyoffice9.wixsite.com/mydeskcoworking,https://www.google.com/maps/place/?q=place_id:ChIJBZDiopax5zsRfV9pKnpK9mA,4.7,12,,,,39,Cold,direct mobile phone; has website; rating 4.7; 12 reviews | gaps: no email,google_maps_via_serpapi,2026-10-01T06:45:24+00:00,blocked,"{""company_name"": ""google_maps_via_serpapi"", ""phone"": ""google_maps_via_serpapi"", ""address"": ""google_maps_via_serpapi"", ""website"": ""google_maps_via_serpapi"", ""rating"": ""google_maps_via_serpapi"", ""review_count"": ""google_maps_via_serpapi"", ""maps_url"": ""google_maps_via_serpapi"", ""lead_score"": ""rule_based""}"
Lb1c09c5f98,Smartworks Eastbridge,Coworking space,"Lal Bahadur Shastri Marg, HMPL Surya Nagar, Vikhroli West, Mumbai, Maharashtra 400083, India",+918448980480,mobile,,https://smartworksoffice.com/office-space/mumbai/eastbridge,https://www.google.com/maps/place/?q=place_id:ChIJmyF4KljH5zsRlHmAp9JmZKM,1,1,,,"cafeteria, meeting_room",38,Cold,direct mobile phone; has website; rating 1; 1 reviews; 2 services listed on site | gaps: no email,google_maps_via_serpapi,2026-10-01T06:45:08+00:00,ok,"{""company_name"": ""google_maps_via_serpapi"", ""phone"": ""google_maps_via_serpapi"", ""address"": ""google_maps_via_serpapi"", ""website"": ""google_maps_via_serpapi"", ""rating"": ""google_maps_via_serpapi"", ""review_count"": ""google_maps_via_serpapi"", ""maps_url"": ""google_maps_via_serpapi"", ""services"": ""website_scraped"", ""lead_score"": ""rule_based""}"
L8dfcb477b9,"UrbanWrk @ Peninsula Business Park, Lower Parel",Coworking space,"Peninsula Business Park Tower B 19th Floor Senapati Bapat Marg, Ganapatrao Kadam Marg, Ganpatrao, Lower Parel, Mumbai, Maharashtra 400013, India",+918399959996,mobile,,https://urbanwrk.com,https://www.google.com/maps/place/?q=place_id:ChIJJVjYtoDP5zsRqo3D2fxU_HY,5,3,,,,37,Cold,direct mobile phone; has website; rating 5; 3 reviews | gaps: no email,google_maps_via_serpapi,2026-10-01T06:44:48+00:00,ok,"{""company_name"": ""google_maps_via_serpapi"", ""phone"": ""google_maps_via_serpapi"", ""address"": ""google_maps_via_serpapi"", ""website"": ""google_maps_via_serpapi"", ""rating"": ""google_maps_via_serpapi"", ""review_count"": ""google_maps_via_serpapi"", ""maps_url"": ""google_maps_via_serpapi"", ""lead_score"": ""rule_based""}"
L5a9461e48d,MultiplyCo.Work,Coworking space,"6B, Second Floor, Tulsi Apartment, 52, Anand Road, Sta Rd, Malad West, Mumbai, Maharashtra 400064, India",+917400121700,mobile,,https://multiplyco.work,https://www.google.com/maps/place/?q=place_id:ChIJzcMmdf235zsRz71Hu3ZtTLk,5,1,,,,37,Cold,direct mobile phone; has website; rating 5; 1 reviews | gaps: no email,google_maps_via_serpapi,2026-10-01T06:45:00+00:00,error,"{""company_name"": ""google_maps_via_serpapi"", ""phone"": ""google_maps_via_serpapi"", ""address"": ""google_maps_via_serpapi"", ""website"": ""google_maps_via_serpapi"", ""rating"": ""google_maps_via_serpapi"", ""review_count"": ""google_maps_via_serpapi"", ""maps_url"": ""google_maps_via_serpapi"", ""lead_score"": ""rule_based""}"
Lf52b6daaa3,Blackbox Solutions Mumbai,Coworking space,"no 2 B, godrej 91springboard gate, Lal Bahadur Shastri Marg, Godrej & Boyce Industry Estate, Vikhroli West, Mumbai, Maharashtra 400079, India",+917249130238,mobile,,https://blackbocsloutions.info,https://www.google.com/maps/place/?q=place_id:ChIJM2frwp7H5zsR5hXQ9ihz2KI,5,1,,,,37,Cold,direct mobile phone; has website; rating 5; 1 reviews | gaps: no email,google_maps_via_serpapi,2026-10-01T06:45:08+00:00,error,"{""company_name"": ""google_maps_via_serpapi"", ""phone"": ""google_maps_via_serpapi"", ""address"": ""google_maps_via_serpapi"", ""website"": ""google_maps_via_serpapi"", ""rating"": ""google_maps_via_serpapi"", ""review_count"": ""google_maps_via_serpapi"", ""maps_url"": ""google_maps_via_serpapi"", ""lead_score"": ""rule_based""}"
Laae0b0d634,Manreeva Staffing Solutions pvt ltd,Coworking space,"Save, Dattani Tower (Tata), Alfa Business Center, RM Bhattad Rd, next to McDonald, Vivekanand Nagar, Borivali West, Mumbai, Maharashtra 400092, India",+917977581822,mobile,,https://manreeva.com,https://www.google.com/maps/place/?q=place_id:ChIJWbJ7AdWx5zsRWyaxHg-7Bv4,5,2,,,,37,Cold,direct mobile phone; has website; rating 5; 2 reviews | gaps: no email,google_maps_via_serpapi,2026-10-01T06:45:24+00:00,ok,"{""company_name"": ""google_maps_via_serpapi"", ""phone"": ""google_maps_via_serpapi"", ""address"": ""google_maps_via_serpapi"", ""website"": ""google_maps_via_serpapi"", ""rating"": ""google_maps_via_serpapi"", ""review_count"": ""google_maps_via_serpapi"", ""maps_url"": ""google_maps_via_serpapi"", ""lead_score"": ""rule_based""}"
L89e4ea7f22,MyDesk Co-working Spaces 1.0,Coworking space,"6VJ2+7WV, Hotel, Near Ghantawala Pan Bhandaar, Girgaon Katta, 201- Shobhna Apartment, Chandavarkar Rd, Lokmanya Tilak Nagar, Maharashtra Nagar, Borivali West, Mumbai, Maharashtra 400092, India",+918169044581,mobile,,https://mydeskmyoffice9.wixsite.com/mydeskcoworking,https://www.google.com/maps/place/?q=place_id:ChIJidaxUfyx5zsRdmcIplL8rzY,4.5,2,,,,37,Cold,direct mobile phone; has website; rating 4.5; 2 reviews | gaps: no email,google_maps_via_serpapi,2026-10-01T06:45:24+00:00,blocked,"{""company_name"": ""google_maps_via_serpapi"", ""phone"": ""google_maps_via_serpapi"", ""address"": ""google_maps_via_serpapi"", ""website"": ""google_maps_via_serpapi"", ""rating"": ""google_maps_via_serpapi"", ""review_count"": ""google_maps_via_serpapi"", ""maps_url"": ""google_maps_via_serpapi"", ""lead_score"": ""rule_based""}"
Le965995814,Community Coworks (Juhu Vimal),Coworking space,"Vimal Bldg, 3rd floor, 12 B wing, Juhu, Swami Vivekanand Rd, near Andheri Station Road, Andheri West, Mumbai, Maharashtra 400101, India",+919653660382,mobile,,https://communityspaces.co.in,https://www.google.com/maps/place/?q=place_id:ChIJqQVZtcC35zsRua5oTPXJrhk,5,2,,,,37,Cold,direct mobile phone; has website; rating 5; 2 reviews | gaps: no email,google_maps_via_serpapi,2026-10-01T06:45:26+00:00,blocked,"{""company_name"": ""google_maps_via_serpapi"", ""phone"": ""google_maps_via_serpapi"", ""address"": ""google_maps_via_serpapi"", ""website"": ""google_maps_via_serpapi"", ""rating"": ""google_maps_via_serpapi"", ""review_count"": ""google_maps_via_serpapi"", ""maps_url"": ""google_maps_via_serpapi"", ""lead_score"": ""rule_based""}"
L611b8a9b4a,WeWork,Coworking space,"No. A3&B2, B Cross Road, Marol MIDC Industry Estate, Andheri East, Mumbai, Maharashtra 400093, India",+911800123999000,toll_free,,https://wework.com/buildings/vijay-diamond--mumbai,https://www.google.com/maps/place/?q=place_id:ChIJmYre8VTJ5zsRAA33aFhKoHo,4.5,275,,,,36,Cold,toll-free phone only; has website; rating 4.5; 275 reviews | gaps: no email,google_maps_via_serpapi,2026-10-01T06:44:36+00:00,ok,"{""company_name"": ""google_maps_via_serpapi"", ""phone"": ""google_maps_via_serpapi"", ""address"": ""google_maps_via_serpapi"", ""website"": ""google_maps_via_serpapi"", ""rating"": ""google_maps_via_serpapi"", ""review_count"": ""google_maps_via_serpapi"", ""maps_url"": ""google_maps_via_serpapi"", ""lead_score"": ""rule_based""}"
Le5a6cd4568,Carnival HUB Work Spaces,Coworking space,"5VG6+788, Carnival House, Off, General Arun Kumar Vaidya Marg, opp. Oberoi Mall, Malad East, Mumbai, Maharashtra 400097, India",+918976891888,mobile,,https://carnivalhub.in,https://www.google.com/maps/place/?q=place_id:ChIJ05mgeHC35zsR1KQLP13yFEU,3.9,63,,,,36,Cold,direct mobile phone; has website; rating 3.9; 63 reviews | gaps: no email,google_maps_via_serpapi,2026-10-01T06:44:56+00:00,error,"{""company_name"": ""google_maps_via_serpapi"", ""phone"": ""google_maps_via_serpapi"", ""address"": ""google_maps_via_serpapi"", ""website"": ""google_maps_via_serpapi"", ""rating"": ""google_maps_via_serpapi"", ""review_count"": ""google_maps_via_serpapi"", ""maps_url"": ""google_maps_via_serpapi"", ""lead_score"": ""rule_based""}"
L8b2734797d,Code Coworking,Coworking space,"5th Flr, ITTS House Kala Ghoda, Lion Gate, Fort, Mumbai, Maharashtra 400001, India",+918104479575,mobile,,https://joincode.in,https://www.google.com/maps/place/?q=place_id:ChIJuWnZJCnR5zsRtIJLQ9wnlcc,4.4,12,,,,36,Cold,direct mobile phone; has website; rating 4.4; 12 reviews | gaps: no email,google_maps_via_serpapi,2026-10-01T06:45:19+00:00,error,"{""company_name"": ""google_maps_via_serpapi"", ""phone"": ""google_maps_via_serpapi"", ""address"": ""google_maps_via_serpapi"", ""website"": ""google_maps_via_serpapi"", ""rating"": ""google_maps_via_serpapi"", ""review_count"": ""google_maps_via_serpapi"", ""maps_url"": ""google_maps_via_serpapi"", ""lead_score"": ""rule_based""}"
Le3a03b9d57,Vikas Hub,Coworking space,"2nd-5th, Vani Apartment Vikas Centre, E, 96/A, CG Rd, beside Cubic Mall, Wadavli, Vasant Vihar Complex, Chembur, Mumbai, Maharashtra 400074, India",+919326949299,mobile,,https://vikashub.com,https://www.google.com/maps/place/?q=place_id:ChIJ-RYeMyjH5zsRFvhbbK6N68g,4.3,14,,,,36,Cold,direct mobile phone; has website; rating 4.3; 14 reviews | gaps: no email,google_maps_via_serpapi,2026-10-01T06:45:21+00:00,error,"{""company_name"": ""google_maps_via_serpapi"", ""phone"": ""google_maps_via_serpapi"", ""address"": ""google_maps_via_serpapi"", ""website"": ""google_maps_via_serpapi"", ""rating"": ""google_maps_via_serpapi"", ""review_count"": ""google_maps_via_serpapi"", ""maps_url"": ""google_maps_via_serpapi"", ""lead_score"": ""rule_based""}"
Lcccfcb3546,One Degree Coworking,Coworking space,"C 218, Bhaichand Textile Mill Compound, 100, Lal Bahadur Shastri Marg, above Union Bank, Sadan wadi, Bhandup West, Mumbai, Maharashtra 400078, India",+919819203141,mobile,,,https://www.google.com/maps/place/?q=place_id:ChIJ8U3ujE-55zsRIfzIZY_IMls,4.5,117,,,,35,Cold,"direct mobile phone; rating 4.5; 117 reviews | gaps: no email, no website",google_maps_via_serpapi,2026-10-01T06:44:54+00:00,no_website,"{""company_name"": ""google_maps_via_serpapi"", ""phone"": ""google_maps_via_serpapi"", ""address"": ""google_maps_via_serpapi"", ""rating"": ""google_maps_via_serpapi"", ""review_count"": ""google_maps_via_serpapi"", ""maps_url"": ""google_maps_via_serpapi"", ""lead_score"": ""rule_based""}"
L7c1233c24a,603 The Coworking Space,Coworking space,"Marathon Futuex, Mafatlal Mills, NM Joshi Marg, Compound, Lower Parel, Mumbai, Maharashtra 400013, India",+919136036603,mobile,,https://603thecoworkingspace.com,https://www.google.com/maps/place/?q=place_id:ChIJX19N6-vP5zsRpFTg8FYsZCo,4.2,5,,,,34,Cold,direct mobile phone; has website; rating 4.2; 5 reviews | gaps: no email,google_maps_via_serpapi,2026-10-01T06:44:48+00:00,ok,"{""company_name"": ""google_maps_via_serpapi"", ""phone"": ""google_maps_via_serpapi"", ""address"": ""google_maps_via_serpapi"", ""website"": ""google_maps_via_serpapi"", ""rating"": ""google_maps_via_serpapi"", ""review_count"": ""google_maps_via_serpapi"", ""maps_url"": ""google_maps_via_serpapi"", ""lead_score"": ""rule_based""}"
L967d3d5b64,Spaces Inspire Hub Andheri West,Coworking space,"Western Heights, JP Rd, Sahayog Nagar, Bhudargarh Colony, Andheri West, Mumbai, Maharashtra 400053, India",+912226031100,landline,,https://spacesworks.com/en/in/4967,https://www.google.com/maps/place/?q=place_id:ChIJLd3pE3m35zsREC1msPtfL8s,3.7,97,,,,33,Cold,direct landline; has website; rating 3.7; 97 reviews | gaps: no email,google_maps_via_serpapi,2026-10-01T06:44:38+00:00,ok,"{""company_name"": ""google_maps_via_serpapi"", ""phone"": ""google_maps_via_serpapi"", ""address"": ""google_maps_via_serpapi"", ""website"": ""google_maps_via_serpapi"", ""rating"": ""google_maps_via_serpapi"", ""review_count"": ""google_maps_via_serpapi"", ""maps_url"": ""google_maps_via_serpapi"", ""lead_score"": ""rule_based""}"
Lfc5bfe4afe,603 The Coworking space (Matulya),Coworking space,"2nd Floor, Matulya Centre, Lower Parel, Mumbai, Maharashtra 400013, India",+919136036603,mobile,,https://603thecoworkingspace.com,https://www.google.com/maps/place/?q=place_id:ChIJ74TgN_DP5zsRM0qWZbKwWOA,3.9,14,,,,33,Cold,direct mobile phone; has website; rating 3.9; 14 reviews | gaps: no email,google_maps_via_serpapi,2026-10-01T06:44:50+00:00,ok,"{""company_name"": ""google_maps_via_serpapi"", ""phone"": ""google_maps_via_serpapi"", ""address"": ""google_maps_via_serpapi"", ""website"": ""google_maps_via_serpapi"", ""rating"": ""google_maps_via_serpapi"", ""review_count"": ""google_maps_via_serpapi"", ""maps_url"": ""google_maps_via_serpapi"", ""lead_score"": ""rule_based""}"
Lcf4c3f8faf,Regus,Coworking space,"5th Floor, Supreme Business Park Wing-B, SUPREME BUSINESS PARK, Cliff Avenue Unit No. B, 501/a, Mumbai, Maharashtra 400076, India",+912269931600,landline,,https://regus.com/en/in/6100,https://www.google.com/maps/place/?q=place_id:ChIJ0WF61c3H5zsR_j_0bPMqQSM,4.1,18,,,,33,Cold,direct landline; has website; rating 4.1; 18 reviews | gaps: no email,google_maps_via_serpapi,2026-10-01T06:44:54+00:00,ok,"{""company_name"": ""google_maps_via_serpapi"", ""phone"": ""google_maps_via_serpapi"", ""address"": ""google_maps_via_serpapi"", ""website"": ""google_maps_via_serpapi"", ""rating"": ""google_maps_via_serpapi"", ""review_count"": ""google_maps_via_serpapi"", ""maps_url"": ""google_maps_via_serpapi"", ""lead_score"": ""rule_based""}"
Lf1a07cbc19,Regus,Coworking space,"Block A, Level 1, 1, Dr Annie Besant Rd, Shiv Sagar Estate, Worli, Mumbai, Maharashtra 400018, India",+912269456000,landline,,https://regus.com/en/in/3361,https://www.google.com/maps/place/?q=place_id:ChIJt8-HEZDO5zsRHutKvibeVh4,3.9,95,,,,33,Cold,direct landline; has website; rating 3.9; 95 reviews | gaps: no email,google_maps_via_serpapi,2026-10-01T06:45:04+00:00,ok,"{""company_name"": ""google_maps_via_serpapi"", ""phone"": ""google_maps_via_serpapi"", ""address"": ""google_maps_via_serpapi"", ""website"": ""google_maps_via_serpapi"", ""rating"": ""google_maps_via_serpapi"", ""review_count"": ""google_maps_via_serpapi"", ""maps_url"": ""google_maps_via_serpapi"", ""lead_score"": ""rule_based""}"
L1a9d1a0b86,Regus,Coworking space,"Unit No.9, 9th Floor, Corporate Park II, VN Purav Marg, near Swastik Chambers, Swastik Park, Chembur, Mumbai, Maharashtra 400071, India",+912268181920,landline,,https://regus.com/en/in/3799,https://www.google.com/maps/place/?q=place_id:ChIJmWNc06TI5zsRXNNKpjfxBJM,3.8,53,,,,33,Cold,direct landline; has website; rating 3.8; 53 reviews | gaps: no email,google_maps_via_serpapi,2026-10-01T06:45:21+00:00,ok,"{""company_name"": ""google_maps_via_serpapi"", ""phone"": ""google_maps_via_serpapi"", ""address"": ""google_maps_via_serpapi"", ""website"": ""google_maps_via_serpapi"", ""rating"": ""google_maps_via_serpapi"", ""review_count"": ""google_maps_via_serpapi"", ""maps_url"": ""google_maps_via_serpapi"", ""lead_score"": ""rule_based""}"
La6539f0ed6,Redbrick Offices,Coworking space,"Unit No.1204, 12th Floor, The Capital, G Block BKC, Bandra Kurla Complex, Bandra East, Mumbai, Maharashtra 400051, India",+9118001209088,toll_free,,https://redbrickoffices.com,https://www.google.com/maps/place/?q=place_id:ChIJAQBQxe7I5zsRJz0HpW8aUJg,3.8,5,,linkedin: https://www.linkedin.com/in/ayush-goenka-148566375; x: https://twitter.com/Redbrickoffices; facebook: https://www.facebook.com/RedbrickOffices; youtube: https://www.youtube.com/@RedbrickOffices; instagram: https://www.instagram.com/redbrickoffices,,32,Cold,toll-free phone only; has website; 5 social profiles; rating 3.8; 5 reviews | gaps: no email,google_maps_via_serpapi,2026-10-01T06:44:45+00:00,ok,"{""company_name"": ""google_maps_via_serpapi"", ""phone"": ""google_maps_via_serpapi"", ""address"": ""google_maps_via_serpapi"", ""website"": ""google_maps_via_serpapi"", ""rating"": ""google_maps_via_serpapi"", ""review_count"": ""google_maps_via_serpapi"", ""maps_url"": ""google_maps_via_serpapi"", ""social_links"": ""website_scraped"", ""lead_score"": ""rule_based""}"
L5910887454,Redbrick Offices OWC,Coworking space,"Saidham Nagar, Parel, Mumbai, Maharashtra 400013, India",,,,https://redbrickoffices.com,https://www.google.com/maps/place/?q=place_id:ChIJZ6HoKQDP5zsRNWmBy-wCD8k,4.5,2,,linkedin: https://www.linkedin.com/in/ayush-goenka-148566375; x: https://twitter.com/Redbrickoffices; facebook: https://www.facebook.com/RedbrickOffices; youtube: https://www.youtube.com/@RedbrickOffices; instagram: https://www.instagram.com/redbrickoffices,,32,Incomplete,"has website; 5 social profiles; rating 4.5; 2 reviews | gaps: no phone, no email | capped at 39: no direct contact (phone or email)",google_maps_via_serpapi,2026-10-01T06:44:48+00:00,ok,"{""company_name"": ""google_maps_via_serpapi"", ""address"": ""google_maps_via_serpapi"", ""website"": ""google_maps_via_serpapi"", ""rating"": ""google_maps_via_serpapi"", ""review_count"": ""google_maps_via_serpapi"", ""maps_url"": ""google_maps_via_serpapi"", ""social_links"": ""website_scraped"", ""lead_score"": ""rule_based""}"
L21b5cd582e,Cowork Collision,Coworking space,"BUILDING, Block No. 201, Mehera Industrial Compound V. S. P, Andheri - Kurla Rd, Andheri, Saki Naka, Maharashtra 400072, India",+918657418108,mobile,,,https://www.google.com/maps/place/?q=place_id:ChIJg-49x5LJ5zsR9tt9DHaMccA,4.8,39,,,,32,Cold,"direct mobile phone; rating 4.8; 39 reviews | gaps: no email, no website",google_maps_via_serpapi,2026-10-01T06:44:54+00:00,no_website,"{""company_name"": ""google_maps_via_serpapi"", ""phone"": ""google_maps_via_serpapi"", ""address"": ""google_maps_via_serpapi"", ""rating"": ""google_maps_via_serpapi"", ""review_count"": ""google_maps_via_serpapi"", ""maps_url"": ""google_maps_via_serpapi"", ""lead_score"": ""rule_based""}"
Ldd57ee8c15,Newbridge Business Centres,Coworking space,"B1/04-05, Ground Floor B Wing, Boomerang Chandivali Road Ganesh Nagar Chandivali Powai, Andheri East, Mumbai, Maharashtra 400072, India",+919740018980,mobile,,,https://www.google.com/maps/place/?q=place_id:ChIJUW39dgzI5zsREeNPG_jfie8,4.1,330,,,,32,Cold,"direct mobile phone; rating 4.1; 330 reviews | gaps: no email, no website",google_maps_via_serpapi,2026-10-01T06:44:54+00:00,no_website,"{""company_name"": ""google_maps_via_serpapi"", ""phone"": ""google_maps_via_serpapi"", ""address"": ""google_maps_via_serpapi"", ""rating"": ""google_maps_via_serpapi"", ""review_count"": ""google_maps_via_serpapi"", ""maps_url"": ""google_maps_via_serpapi"", ""lead_score"": ""rule_based""}"
L14504a717e,Permissionless,Coworking space,"104, Malad, Mindspace, Malad West, Mumbai, Maharashtra 400064, India",,,,https://prmsnls.xyz,https://www.google.com/maps/place/?q=place_id:ChIJRU-p6za35zsRihk1HHJF47Y,4.6,7,,youtube: https://www.youtube.com/@prmsnls; instagram: https://instagram.com/prmsnls; linkedin: https://www.linkedin.com/company/prmsnls,,32,Incomplete,"has website; 3 social profiles; rating 4.6; 7 reviews | gaps: no phone, no email | capped at 39: no direct contact (phone or email)",google_maps_via_serpapi,2026-10-01T06:45:02+00:00,ok,"{""company_name"": ""google_maps_via_serpapi"", ""address"": ""google_maps_via_serpapi"", ""website"": ""google_maps_via_serpapi"", ""rating"": ""google_maps_via_serpapi"", ""review_count"": ""google_maps_via_serpapi"", ""maps_url"": ""google_maps_via_serpapi"", ""social_links"": ""website_scraped"", ""lead_score"": ""rule_based""}"
L492e771d66,Vatika Business Centre & Co-working Spaces,Business center,"Unit no. G5, Ground Floor and Unit no. 02 First Floor, Trade Centre Bkc, Kolivery Village, MMRDA Area, Kalina, Bandra East, Mumbai, Maharashtra 400098, India",+911800120003773,toll_free,,https://vatikabusinesscentre.com/sem-business,https://www.google.com/maps/place/?q=place_id:ChIJW8El3IjJ5zsRQIL5LFLaM6s,4.2,93,,,,30,Cold,toll-free phone only; has website; rating 4.2; 93 reviews | gaps: no email,google_maps_via_serpapi,2026-10-01T06:44:40+00:00,error,"{""company_name"": ""google_maps_via_serpapi"", ""phone"": ""google_maps_via_serpapi"", ""address"": ""google_maps_via_serpapi"", ""website"": ""google_maps_via_serpapi"", ""rating"": ""google_maps_via_serpapi"", ""review_count"": ""google_maps_via_serpapi"", ""maps_url"": ""google_maps_via_serpapi"", ""lead_score"": ""rule_based""}"
Lc1c3ed795b,HungerPangs_CoWorks,Coworking space,"Unit No 4, 1st Floor, Brady Gladys Plaza, Senapati Bapat Marg, Lower Parel, Mumbai, Maharashtra 400013, India",+919167999888,mobile,,https://instagram.com/hungerpangs_coworks,https://www.google.com/maps/place/?q=place_id:ChIJk04mD8nP5zsRRAIkm7LqvEY,,0,,instagram: https://instagram.com/hungerpangs_coworks,,30,Cold,direct mobile phone; has website; 1 social profile | gaps: no email,google_maps_via_serpapi,2026-10-01T06:44:50+00:00,social_only,"{""company_name"": ""google_maps_via_serpapi"", ""phone"": ""google_maps_via_serpapi"", ""address"": ""google_maps_via_serpapi"", ""website"": ""google_maps_via_serpapi"", ""maps_url"": ""google_maps_via_serpapi"", ""social_links"": ""website_scraped"", ""lead_score"": ""rule_based""}"
L0ec075257f,Vittam,Coworking space,"13th Floor, Park, Tower B, WeWork, 247, Lal Bahadur Shastri Marg, Hindustan C, Gandhi Nagar, Mumbai, Maharashtra 400079, India",+917383201984,mobile,,https://vittamfin.com,https://www.google.com/maps/place/?q=place_id:ChIJl1hceL3H5zsRz9YTerpIV68,,0,,,open_24x7,30,Cold,direct mobile phone; has website; 1 services listed on site | gaps: no email,google_maps_via_serpapi,2026-10-01T06:45:09+00:00,ok,"{""company_name"": ""google_maps_via_serpapi"", ""phone"": ""google_maps_via_serpapi"", ""address"": ""google_maps_via_serpapi"", ""website"": ""google_maps_via_serpapi"", ""maps_url"": ""google_maps_via_serpapi"", ""services"": ""website_scraped"", ""lead_score"": ""rule_based""}"
Lcf5eda027f,The Matchbox Cowork,Coworking space,"Gazdhar Enclave, 901, near Fun Republic Mall, off New Link Road, Veera Desai Industrial Estate, Andheri West, Mumbai, Maharashtra 400053, India",+917021087080,mobile,,,https://www.google.com/maps/place/?q=place_id:ChIJ6yTKfyO25zsRw6WReLMXYAc,4.2,66,,,,29,Cold,"direct mobile phone; rating 4.2; 66 reviews | gaps: no email, no website",google_maps_via_serpapi,2026-10-01T06:44:38+00:00,no_website,"{""company_name"": ""google_maps_via_serpapi"", ""phone"": ""google_maps_via_serpapi"", ""address"": ""google_maps_via_serpapi"", ""rating"": ""google_maps_via_serpapi"", ""review_count"": ""google_maps_via_serpapi"", ""maps_url"": ""google_maps_via_serpapi"", ""lead_score"": ""rule_based""}"
L2418291052,"Blue Coworks, Lower Parel",Coworking space,"S.S, Aurus Chambers, 219, B wing, Shivram Seth Amritwar Marg, behind Mahindra Towers, Lower Parel, Mumbai, Maharashtra 400013, India",+919004661515,mobile,,,https://www.google.com/maps/place/?q=place_id:ChIJjXkJjgHP5zsRRe_AAnfURuA,4.5,13,,,,29,Cold,"direct mobile phone; rating 4.5; 13 reviews | gaps: no email, no website",google_maps_via_serpapi,2026-10-01T06:44:48+00:00,no_website,"{""company_name"": ""google_maps_via_serpapi"", ""phone"": ""google_maps_via_serpapi"", ""address"": ""google_maps_via_serpapi"", ""rating"": ""google_maps_via_serpapi"", ""review_count"": ""google_maps_via_serpapi"", ""maps_url"": ""google_maps_via_serpapi"", ""lead_score"": ""rule_based""}"
L64ba86f5d8,"COWRKS One Boulevard, Powai, 1F & 2F",Coworking space,"1st & 2nd Floor, COWRKS - One Boulevard, Lake Blvd Rd, Hiranandani Gardens, MHADA Colony 19, Powai, Mumbai, Maharashtra 400076, India",,,,https://cowrks.com/coworking-space-mumbai/cowrks-one-boulevard,https://www.google.com/maps/place/?q=place_id:ChIJg2VPo0fH5zsRkTAylEx50yI,4.8,23,,,parking,29,Incomplete,"has website; rating 4.8; 23 reviews; 1 services listed on site | gaps: no phone, no email | capped at 39: no direct contact (phone or email)",google_maps_via_serpapi,2026-10-01T06:44:53+00:00,ok,"{""company_name"": ""google_maps_via_serpapi"", ""address"": ""google_maps_via_serpapi"", ""website"": ""google_maps_via_serpapi"", ""rating"": ""google_maps_via_serpapi"", ""review_count"": ""google_maps_via_serpapi"", ""maps_url"": ""google_maps_via_serpapi"", ""services"": ""website_scraped"", ""lead_score"": ""rule_based""}"
L31b3292d91,Blue Rose Ind. P.C.S Ltd,Corporate office,"101, blue rose ind est, Western Express Hwy, Food Corporation of India Warehouse, Borivali, Mumbai, Maharashtra 400066, India",+919820800850,mobile,,,https://www.google.com/maps/place/?q=place_id:ChIJJdxh8zK35zsR2cm0qGR3Qts,3.9,554,,,,29,Cold,"direct mobile phone; rating 3.9; 554 reviews | gaps: no email, no website",google_maps_via_serpapi,2026-10-01T06:45:26+00:00,no_website,"{""company_name"": ""google_maps_via_serpapi"", ""phone"": ""google_maps_via_serpapi"", ""address"": ""google_maps_via_serpapi"", ""rating"": ""google_maps_via_serpapi"", ""review_count"": ""google_maps_via_serpapi"", ""maps_url"": ""google_maps_via_serpapi"", ""lead_score"": ""rule_based""}"
L8024f28bd6,Akasa Coworking Mumbai,Coworking space,"Satellite Gazebo, B 301 & 302, Andheri - Ghatkopar Link Rd, Chakala, Andheri East, Mumbai, Maharashtra 400099, India",,,,https://akasacoworking.com,https://www.google.com/maps/place/?q=place_id:ChIJLQQ9eBbVNi0ReoEMHBocI-M,5,9,,,virtual_office,27,Incomplete,"has website; rating 5; 9 reviews; 1 services listed on site | gaps: no phone, no email | capped at 39: no direct contact (phone or email)",google_maps_via_serpapi,2026-10-01T06:44:38+00:00,ok,"{""company_name"": ""google_maps_via_serpapi"", ""address"": ""google_maps_via_serpapi"", ""website"": ""google_maps_via_serpapi"", ""rating"": ""google_maps_via_serpapi"", ""review_count"": ""google_maps_via_serpapi"", ""maps_url"": ""google_maps_via_serpapi"", ""services"": ""website_scraped"", ""lead_score"": ""rule_based""}"
La7e6582729,Cowrks India Pvt Ltd,Coworking space,"Birla Centurion, Century Mills, Lower Parel, Mumbai, Maharashtra 400030, India",,,,https://cowrks.com,https://www.google.com/maps/place/?q=place_id:ChIJGRvokiLP5zsRHi5HP3-rp_4,5,2,,,parking,27,Incomplete,"has website; rating 5; 2 reviews; 1 services listed on site | gaps: no phone, no email | capped at 39: no direct contact (phone or email)",google_maps_via_serpapi,2026-10-01T06:44:50+00:00,ok,"{""company_name"": ""google_maps_via_serpapi"", ""address"": ""google_maps_via_serpapi"", ""website"": ""google_maps_via_serpapi"", ""rating"": ""google_maps_via_serpapi"", ""review_count"": ""google_maps_via_serpapi"", ""maps_url"": ""google_maps_via_serpapi"", ""services"": ""website_scraped"", ""lead_score"": ""rule_based""}"
Lffb047e98d,Veridical,Coworking space,"Powai Plaza, 307, Hiranandani Gardens, Mumbai, Maharashtra 400076, India",+918828010198,mobile,,,https://www.google.com/maps/place/?q=place_id:ChIJ_RmcNi7H5zsRsIZ3r6mP2xg,5,1,,,,27,Cold,"direct mobile phone; rating 5; 1 reviews | gaps: no email, no website",google_maps_via_serpapi,2026-10-01T06:44:53+00:00,no_website,"{""company_name"": ""google_maps_via_serpapi"", ""phone"": ""google_maps_via_serpapi"", ""address"": ""google_maps_via_serpapi"", ""rating"": ""google_maps_via_serpapi"", ""review_count"": ""google_maps_via_serpapi"", ""maps_url"": ""google_maps_via_serpapi"", ""lead_score"": ""rule_based""}"
Ldd4207d48e,Eazy2WorkVth,Coworking space,"6th floor, 3, Lal Bahadur Shastri Marg, Sainath Nagar, Ghatkopar West, Mumbai, Maharashtra 400086, India",+919892983084,mobile,,,https://www.google.com/maps/place/?q=place_id:ChIJVeWNVgDH5zsRiqNIy6DFUQU,4.7,3,,,,27,Cold,"direct mobile phone; rating 4.7; 3 reviews | gaps: no email, no website",google_maps_via_serpapi,2026-10-01T06:45:08+00:00,no_website,"{""company_name"": ""google_maps_via_serpapi"", ""phone"": ""google_maps_via_serpapi"", ""address"": ""google_maps_via_serpapi"", ""rating"": ""google_maps_via_serpapi"", ""review_count"": ""google_maps_via_serpapi"", ""maps_url"": ""google_maps_via_serpapi"", ""lead_score"": ""rule_based""}"
L464cadf40b,Champions Arena,Coworking space,"Dalamal Towers, A wing 508, Free Press Journal Marg, Nariman Point, Mumbai, Maharashtra 400021, India",+919920526403,mobile,,,https://www.google.com/maps/place/?q=place_id:ChIJOZ7ayybR5zsREH4NKPbCCWQ,5,1,,,,27,Cold,"direct mobile phone; rating 5; 1 reviews | gaps: no email, no website",google_maps_via_serpapi,2026-10-01T06:45:19+00:00,no_website,"{""company_name"": ""google_maps_via_serpapi"", ""phone"": ""google_maps_via_serpapi"", ""address"": ""google_maps_via_serpapi"", ""rating"": ""google_maps_via_serpapi"", ""review_count"": ""google_maps_via_serpapi"", ""maps_url"": ""google_maps_via_serpapi"", ""lead_score"": ""rule_based""}"
L685f383cc7,WorkMate,Coworking space,"1st Floor, Palkhi Aura, F2, near HDFC Bank, Madhukunj Society, Rajendra Nagar, Borivali East, Mumbai, Maharashtra 400066, India",+919768844658,mobile,,,https://www.google.com/maps/place/?q=place_id:ChIJyZtYk-Cx5zsRFGh0ZQ0EHRo,4.5,2,,,,27,Cold,"direct mobile phone; rating 4.5; 2 reviews | gaps: no email, no website",google_maps_via_serpapi,2026-10-01T06:45:24+00:00,no_website,"{""company_name"": ""google_maps_via_serpapi"", ""phone"": ""google_maps_via_serpapi"", ""address"": ""google_maps_via_serpapi"", ""rating"": ""google_maps_via_serpapi"", ""review_count"": ""google_maps_via_serpapi"", ""maps_url"": ""google_maps_via_serpapi"", ""lead_score"": ""rule_based""}"
L423ecae15f,Nuvé Studio,Coworking space,"Gulmohar Society, 56/560, Kandivali, Mhada Colony, MHB, Kandivali West, Mumbai, Maharashtra 400067, India",+919321775502,mobile,,,https://www.google.com/maps/place/?q=place_id:ChIJpT-Y6Ia35zsRjrnbyiVkhOk,5,4,,,,27,Cold,"direct mobile phone; rating 5; 4 reviews | gaps: no email, no website",google_maps_via_serpapi,2026-10-01T06:45:26+00:00,no_website,"{""company_name"": ""google_maps_via_serpapi"", ""phone"": ""google_maps_via_serpapi"", ""address"": ""google_maps_via_serpapi"", ""rating"": ""google_maps_via_serpapi"", ""review_count"": ""google_maps_via_serpapi"", ""maps_url"": ""google_maps_via_serpapi"", ""lead_score"": ""rule_based""}"
L4950334d4c,The Workables,Coworking space,"Anand 105, 7th Floor, Dr. Ambedkar Road Pali Hill, Bandra West, Mumbai, Maharashtra 400050, India",+917021280495,mobile,,,https://www.google.com/maps/place/?q=place_id:ChIJec12y23J5zsRIMv7-vFTytA,4,14,,,,26,Cold,"direct mobile phone; rating 4; 14 reviews | gaps: no email, no website",google_maps_via_serpapi,2026-10-01T06:44:45+00:00,no_website,"{""company_name"": ""google_maps_via_serpapi"", ""phone"": ""google_maps_via_serpapi"", ""address"": ""google_maps_via_serpapi"", ""rating"": ""google_maps_via_serpapi"", ""review_count"": ""google_maps_via_serpapi"", ""maps_url"": ""google_maps_via_serpapi"", ""lead_score"": ""rule_based""}"
L7a79e0eda8,603 The Coworking Space,Coworking space,"4th Floor, Tower D, Trade World, Kamala Mills Compound, Lower Parel, Mumbai, Maharashtra 400013, India",+919136036603,mobile,,https://603thecoworkingspace.com,https://www.google.com/maps/place/?q=place_id:ChIJuScuQOPP5zsR1Lnm8kf_tzc,,0,,,,25,Cold,direct mobile phone; has website | gaps: no email,google_maps_via_serpapi,2026-10-01T06:44:50+00:00,ok,"{""company_name"": ""google_maps_via_serpapi"", ""phone"": ""google_maps_via_serpapi"", ""address"": ""google_maps_via_serpapi"", ""website"": ""google_maps_via_serpapi"", ""maps_url"": ""google_maps_via_serpapi"", ""lead_score"": ""rule_based""}"
L17a5bf6e49,603 The Co-working Space,Coworking space,"29A, Sunshine Tower, Senapati Bapat Marg, Dadar West, Parel, Mumbai, Maharashtra 400028, India",+919136036603,mobile,,https://603thecoworkingspace.com,https://www.google.com/maps/place/?q=place_id:ChIJNZC_5QvP5zsRBd75QNQgO20,,0,,,,25,Cold,direct mobile phone; has website | gaps: no email,google_maps_via_serpapi,2026-10-01T06:44:50+00:00,ok,"{""company_name"": ""google_maps_via_serpapi"", ""phone"": ""google_maps_via_serpapi"", ""address"": ""google_maps_via_serpapi"", ""website"": ""google_maps_via_serpapi"", ""maps_url"": ""google_maps_via_serpapi"", ""lead_score"": ""rule_based""}"
Lbedd5ac786,Potatoo Ventures Private Limited,Coworking space,"6th Floor, Spectrum Tower, WeWork, A Wing, Mindspace, W, Mumbai, Maharashtra 400064, India",,,compliance@potatoo.in,https://potatoo.in,https://www.google.com/maps/place/?q=place_id:ChIJHawNJRe35zsRsmz-nw-eE10,,0,website_scraped,,,25,Cold,email found on official website; has website | gaps: no phone,google_maps_via_serpapi,2026-10-01T06:45:02+00:00,ok,"{""company_name"": ""google_maps_via_serpapi"", ""address"": ""google_maps_via_serpapi"", ""website"": ""google_maps_via_serpapi"", ""maps_url"": ""google_maps_via_serpapi"", ""email"": ""website_scraped"", ""lead_score"": ""rule_based""}"
Lb5c1c140a4,PinClapp India,Coworking space,"1st floor, PinClapp, WeWork, 264-265, Dr Annie Besant Rd, Municipal Colony, Worli Shivaji Nagar, Worli, Mumbai, Maharashtra 400025, India",+917019946688,mobile,,https://pinclapp.com,https://www.google.com/maps/place/?q=place_id:ChIJDRARNKfP5zsRRrbgKqEe_uM,,0,,,,25,Cold,direct mobile phone; has website | gaps: no email,google_maps_via_serpapi,2026-10-01T06:45:06+00:00,error,"{""company_name"": ""google_maps_via_serpapi"", ""phone"": ""google_maps_via_serpapi"", ""address"": ""google_maps_via_serpapi"", ""website"": ""google_maps_via_serpapi"", ""maps_url"": ""google_maps_via_serpapi"", ""lead_score"": ""rule_based""}"
L253cdbef5e,WeeDoo.in,Coworking space,"107, Workafella, Swami Vivekanand Rd, Udyog Nagar, Goregaon West, Mumbai, Maharashtra 400062, India",,,,https://weedoo.in,https://www.google.com/maps/place/?q=place_id:ChIJw0Juqpa35zsRbUjhgO70mcU,5,1,,,,22,Incomplete,"has website; rating 5; 1 reviews | gaps: no phone, no email | capped at 39: no direct contact (phone or email)",google_maps_via_serpapi,2026-10-01T06:44:56+00:00,ok,"{""company_name"": ""google_maps_via_serpapi"", ""address"": ""google_maps_via_serpapi"", ""website"": ""google_maps_via_serpapi"", ""rating"": ""google_maps_via_serpapi"", ""review_count"": ""google_maps_via_serpapi"", ""maps_url"": ""google_maps_via_serpapi"", ""lead_score"": ""rule_based""}"
Lb681929011,IndiQube Romell,Coworking space,"Nirlon Knowledge Park Rd, off Western Express Highway, behind Oracle Financial Services, Cama Industrial Estate, Goregaon East, Mumbai, Maharashtra 400063, India",,,,https://indiqube.com,https://www.google.com/maps/place/?q=place_id:ChIJZRy79ri35zsRTk8EU4qc-8U,5,1,,,,22,Incomplete,"has website; rating 5; 1 reviews | gaps: no phone, no email | capped at 39: no direct contact (phone or email)",google_maps_via_serpapi,2026-10-01T06:44:58+00:00,ok,"{""company_name"": ""google_maps_via_serpapi"", ""address"": ""google_maps_via_serpapi"", ""website"": ""google_maps_via_serpapi"", ""rating"": ""google_maps_via_serpapi"", ""review_count"": ""google_maps_via_serpapi"", ""maps_url"": ""google_maps_via_serpapi"", ""lead_score"": ""rule_based""}"
L78794bd3da,Boardroom / Conference / Meeting / Training Room For Lease by R.A.N. Developers,Coworking space,"601- B DLH Park, S.V. road, bridge, near M T N L Building, Sunder Nagar, Mumbai, Maharashtra 400104, India",,,,https://boardroom.randevelopers.com,https://www.google.com/maps/place/?q=place_id:ChIJvz1N3Xi35zsRmFtESJ9YgcQ,5,3,,,,22,Incomplete,"has website; rating 5; 3 reviews | gaps: no phone, no email | capped at 39: no direct contact (phone or email)",google_maps_via_serpapi,2026-10-01T06:45:02+00:00,error,"{""company_name"": ""google_maps_via_serpapi"", ""address"": ""google_maps_via_serpapi"", ""website"": ""google_maps_via_serpapi"", ""rating"": ""google_maps_via_serpapi"", ""review_count"": ""google_maps_via_serpapi"", ""maps_url"": ""google_maps_via_serpapi"", ""lead_score"": ""rule_based""}"
L3a67101203,IndiQube Arena,Coworking space,"10th and 11th floor, Plot no :, 20, Jogeshwari - Vikhroli Link Rd, nr. Majas Depot, Shyam Nagar, Jogeshwari East, Mumbai, Maharashtra 400060, India",,,,https://indiqube.com,https://www.google.com/maps/place/?q=place_id:ChIJq8fz_mO35zsR1u81CD03bYo,4.8,5,,,,22,Incomplete,"has website; rating 4.8; 5 reviews | gaps: no phone, no email | capped at 39: no direct contact (phone or email)",google_maps_via_serpapi,2026-10-01T06:45:08+00:00,ok,"{""company_name"": ""google_maps_via_serpapi"", ""address"": ""google_maps_via_serpapi"", ""website"": ""google_maps_via_serpapi"", ""rating"": ""google_maps_via_serpapi"", ""review_count"": ""google_maps_via_serpapi"", ""maps_url"": ""google_maps_via_serpapi"", ""lead_score"": ""rule_based""}"
L373c565f80,Redbrick Offices Peninsula,Coworking space,"1, Ganapatrao Kadam Marg, Lower Parel, Mumbai, Maharashtra 400013, India",,,,https://redbrickoffices.com,https://www.google.com/maps/place/?q=place_id:ChIJecCtPADP5zsRhvdFBrKhfU0,,0,,linkedin: https://www.linkedin.com/in/ayush-goenka-148566375; x: https://twitter.com/Redbrickoffices; facebook: https://www.facebook.com/RedbrickOffices; youtube: https://www.youtube.com/@RedbrickOffices; instagram: https://www.instagram.com/redbrickoffices,,20,Incomplete,"has website; 5 social profiles | gaps: no phone, no email | capped at 39: no direct contact (phone or email)",google_maps_via_serpapi,2026-10-01T06:44:50+00:00,ok,"{""company_name"": ""google_maps_via_serpapi"", ""address"": ""google_maps_via_serpapi"", ""website"": ""google_maps_via_serpapi"", ""maps_url"": ""google_maps_via_serpapi"", ""social_links"": ""website_scraped"", ""lead_score"": ""rule_based""}"
L29cae80209,AccessWork Powai Serviced Offices,Coworking space,"C/o Access Serviced Offices Pvt. Ltd, Level 4, 402 - 404, Delphi, C Wing Hiranandani Business Park, Orchard Ave, Powai, Mumbai, Maharashtra 400076, India",+9118002667667,toll_free,,,https://www.google.com/maps/place/?q=place_id:ChIJaQTWa-XH5zsRNIPerFdMEws,4,54,,,,20,Cold,"toll-free phone only; rating 4; 54 reviews | gaps: no email, no website",google_maps_via_serpapi,2026-10-01T06:44:54+00:00,no_website,"{""company_name"": ""google_maps_via_serpapi"", ""phone"": ""google_maps_via_serpapi"", ""address"": ""google_maps_via_serpapi"", ""rating"": ""google_maps_via_serpapi"", ""review_count"": ""google_maps_via_serpapi"", ""maps_url"": ""google_maps_via_serpapi"", ""lead_score"": ""rule_based""}"
L750442f95d,Redbrick Offices Godrej 2,Coworking space,"Eastern Express Hwy, Pirojshanagar, Vikhroli East, Mumbai, Maharashtra 400079, India",,,,https://redbrickoffices.com,https://www.google.com/maps/place/?q=place_id:ChIJ8TY1JADH5zsRSWhtcLeHN-w,,0,,linkedin: https://www.linkedin.com/in/ayush-goenka-148566375; x: https://twitter.com/Redbrickoffices; facebook: https://www.facebook.com/RedbrickOffices; youtube: https://www.youtube.com/@RedbrickOffices; instagram: https://www.instagram.com/redbrickoffices,,20,Incomplete,"has website; 5 social profiles | gaps: no phone, no email | capped at 39: no direct contact (phone or email)",google_maps_via_serpapi,2026-10-01T06:45:09+00:00,ok,"{""company_name"": ""google_maps_via_serpapi"", ""address"": ""google_maps_via_serpapi"", ""website"": ""google_maps_via_serpapi"", ""maps_url"": ""google_maps_via_serpapi"", ""social_links"": ""website_scraped"", ""lead_score"": ""rule_based""}"
L332a92f621,Orritel Business & Arbitration Center,Coworking space,"3rd Floor, 89Aararat Blgd, Room no.9, Nagindas Master Rd, Kala Ghoda, Fort, Mumbai, Maharashtra 400001, India",+912249784244,landline,,,https://www.google.com/maps/place/?q=place_id:ChIJf7TkQMHR5zsRDz0A8y9MSMo,3.7,10,,,,20,Cold,"direct landline; rating 3.7; 10 reviews | gaps: no email, no website",google_maps_via_serpapi,2026-10-01T06:45:19+00:00,no_website,"{""company_name"": ""google_maps_via_serpapi"", ""phone"": ""google_maps_via_serpapi"", ""address"": ""google_maps_via_serpapi"", ""rating"": ""google_maps_via_serpapi"", ""review_count"": ""google_maps_via_serpapi"", ""maps_url"": ""google_maps_via_serpapi"", ""lead_score"": ""rule_based""}"
Lccc426f050,Raheja Titanium,Corporate office,"1, Aliyavar Jung Road, Geetanjali Railway Colony, Ram Nagar, Goregaon East, Mumbai, Maharashtra 400063, India",,,,,https://www.google.com/maps/place/?q=place_id:ChIJtQkXAM235zsRMtWJvX_A_d0,4.1,837,,,,17,Incomplete,"rating 4.1; 837 reviews | gaps: no phone, no email, no website | capped at 39: no direct contact (phone or email)",google_maps_via_serpapi,2026-10-01T06:44:58+00:00,no_website,"{""company_name"": ""google_maps_via_serpapi"", ""address"": ""google_maps_via_serpapi"", ""rating"": ""google_maps_via_serpapi"", ""review_count"": ""google_maps_via_serpapi"", ""maps_url"": ""google_maps_via_serpapi"", ""lead_score"": ""rule_based""}"
Laf12d14c10,Eureka Towers,Business center,"Chincholi Bunder Rd, Malad, Rajan Pada, Mindspace, Malad West, Mumbai, Maharashtra 400064, India",,,,,https://www.google.com/maps/place/?q=place_id:ChIJwVWNXfG25zsRHjruHSw33II,4.1,1167,,,,17,Incomplete,"rating 4.1; 1167 reviews | gaps: no phone, no email, no website | capped at 39: no direct contact (phone or email)",google_maps_via_serpapi,2026-10-01T06:45:02+00:00,no_website,"{""company_name"": ""google_maps_via_serpapi"", ""address"": ""google_maps_via_serpapi"", ""rating"": ""google_maps_via_serpapi"", ""review_count"": ""google_maps_via_serpapi"", ""maps_url"": ""google_maps_via_serpapi"", ""lead_score"": ""rule_based""}"
L5245b3a362,Western Edge II,Corporate office,"Western Express Highway, Magathane, Food Corporation of India Warehouse, Borivali East, Mumbai, Maharashtra 400066, India",,,,,https://www.google.com/maps/place/?q=place_id:ChIJM_hQezK35zsRACDiXJEtLPQ,4.3,494,,,,17,Incomplete,"rating 4.3; 494 reviews | gaps: no phone, no email, no website | capped at 39: no direct contact (phone or email)",google_maps_via_serpapi,2026-10-01T06:45:26+00:00,no_website,"{""company_name"": ""google_maps_via_serpapi"", ""address"": ""google_maps_via_serpapi"", ""rating"": ""google_maps_via_serpapi"", ""review_count"": ""google_maps_via_serpapi"", ""maps_url"": ""google_maps_via_serpapi"", ""lead_score"": ""rule_based""}"
Lbab9a93561,The Grid,Coworking space,"Olive Apartment, 702, opp. Starbucks Coffee, off New Link Road, Eksar Village, Devki Nagar, Borivali West, Mumbai, Maharashtra 400103, India",+917666675691,mobile,,,https://www.google.com/maps/place/?q=place_id:ChIJb9wC_RGx5zsR6w0QUUwrY0g,,0,,,,15,Cold,"direct mobile phone | gaps: no email, no website",google_maps_via_serpapi,2026-10-01T06:45:26+00:00,no_website,"{""company_name"": ""google_maps_via_serpapi"", ""phone"": ""google_maps_via_serpapi"", ""address"": ""google_maps_via_serpapi"", ""maps_url"": ""google_maps_via_serpapi"", ""lead_score"": ""rule_based""}"
L4df3dc88bc,Vantage Business Centre,Coworking space,"Raj Arcade, G 128, Borsapada Road, opp. Mumbai, Kandivali, Panchsheel Garden, Siddhivinayak Nagar, Kandivali West, Mumbai, Maharashtra 400067, India",+917304618999,mobile,,,https://www.google.com/maps/place/?q=place_id:ChIJj3LOYqy35zsRJ80-3p0ru1c,,0,,,,15,Cold,"direct mobile phone | gaps: no email, no website",google_maps_via_serpapi,2026-10-01T06:45:26+00:00,no_website,"{""company_name"": ""google_maps_via_serpapi"", ""phone"": ""google_maps_via_serpapi"", ""address"": ""google_maps_via_serpapi"", ""maps_url"": ""google_maps_via_serpapi"", ""lead_score"": ""rule_based""}"
L4244fddeff,Canvas CoWork,Corporate office,"D Wing, 4123, Chandivali Farm Rd, Yadav Nagar, Chandivali, Powai, Mumbai, Maharashtra 400072, India",,,,,https://www.google.com/maps/place/?q=place_id:ChIJaYYBLQDJ5zsRZbDqLEr9UXU,5,15,,,,14,Incomplete,"rating 5; 15 reviews | gaps: no phone, no email, no website | capped at 39: no direct contact (phone or email)",google_maps_via_serpapi,2026-10-01T06:44:53+00:00,no_website,"{""company_name"": ""google_maps_via_serpapi"", ""address"": ""google_maps_via_serpapi"", ""rating"": ""google_maps_via_serpapi"", ""review_count"": ""google_maps_via_serpapi"", ""maps_url"": ""google_maps_via_serpapi"", ""lead_score"": ""rule_based""}"
Lb9c90627ce,AccessWork Mindspace Malad Serviced Offices,Coworking space,"C/o Access Serviced Offices Pvt. Ltd, Eureka Towers, A Wing, Level 9 Mindpsace IT Park, New Link Rd, Malad West, Mumbai, Maharashtra 400064, India",+9118002667667,toll_free,,,https://www.google.com/maps/place/?q=place_id:ChIJdcOoQvG25zsRUpBQK1uUhOA,3.9,29,,,,14,Cold,"toll-free phone only; rating 3.9; 29 reviews | gaps: no email, no website",google_maps_via_serpapi,2026-10-01T06:45:00+00:00,no_website,"{""company_name"": ""google_maps_via_serpapi"", ""phone"": ""google_maps_via_serpapi"", ""address"": ""google_maps_via_serpapi"", ""rating"": ""google_maps_via_serpapi"", ""review_count"": ""google_maps_via_serpapi"", ""maps_url"": ""google_maps_via_serpapi"", ""lead_score"": ""rule_based""}"
Lde5f28219a,Momentum,Coworking space,"Ground Floor, Meher House, 15, Cawasji Patel St, Kala Ghoda, Fort, Mumbai, Maharashtra 400001, India",,,,,https://www.google.com/maps/place/?q=place_id:ChIJD2iwlaTR5zsRJRvXkVEr5jc,5,18,,,,14,Incomplete,"rating 5; 18 reviews | gaps: no phone, no email, no website | capped at 39: no direct contact (phone or email)",google_maps_via_serpapi,2026-10-01T06:45:19+00:00,no_website,"{""company_name"": ""google_maps_via_serpapi"", ""address"": ""google_maps_via_serpapi"", ""rating"": ""google_maps_via_serpapi"", ""review_count"": ""google_maps_via_serpapi"", ""maps_url"": ""google_maps_via_serpapi"", ""lead_score"": ""rule_based""}"
L46f340872d,603 The CoWorking Space,Corporate office,"Sun Mill Compound, 5A, TODI ESTATE, Lower Parel, Mumbai, Maharashtra 400013, India",,,,https://603thecoworkingspace.com,https://www.google.com/maps/place/?q=place_id:ChIJ1836WgDP5zsRKGliB2lUzR0,1.8,5,,,,13,Incomplete,"has website; rating 1.8; 5 reviews | gaps: no phone, no email | capped at 39: no direct contact (phone or email)",google_maps_via_serpapi,2026-10-01T06:44:50+00:00,ok,"{""company_name"": ""google_maps_via_serpapi"", ""address"": ""google_maps_via_serpapi"", ""website"": ""google_maps_via_serpapi"", ""rating"": ""google_maps_via_serpapi"", ""review_count"": ""google_maps_via_serpapi"", ""maps_url"": ""google_maps_via_serpapi"", ""lead_score"": ""rule_based""}"
Lac8030e18b,The Foil,Coworking space,"first floor, 223, Rambhau Bhogle Marg, Sewri, Mumbai, Maharashtra 400033, India",,,,,https://www.google.com/maps/place/?q=place_id:ChIJcymwIcbP5zsRgTfsSkw7dho,5,8,,,,12,Incomplete,"rating 5; 8 reviews | gaps: no phone, no email, no website | capped at 39: no direct contact (phone or email)",google_maps_via_serpapi,2026-10-01T06:44:50+00:00,no_website,"{""company_name"": ""google_maps_via_serpapi"", ""address"": ""google_maps_via_serpapi"", ""rating"": ""google_maps_via_serpapi"", ""review_count"": ""google_maps_via_serpapi"", ""maps_url"": ""google_maps_via_serpapi"", ""lead_score"": ""rule_based""}"
L9aab080c5d,Just Business Center,Coworking space,"1st Floor, G-128, Raj Arcade, opp. Dmart, Mahavir Nagar, Kandivali West, Mumbai, Maharashtra 400067, India",,,,,https://www.google.com/maps/place/?q=place_id:ChIJDyc7asO35zsRAbF52cl25pY,5,3,,,,12,Incomplete,"rating 5; 3 reviews | gaps: no phone, no email, no website | capped at 39: no direct contact (phone or email)",google_maps_via_serpapi,2026-10-01T06:45:26+00:00,no_website,"{""company_name"": ""google_maps_via_serpapi"", ""address"": ""google_maps_via_serpapi"", ""rating"": ""google_maps_via_serpapi"", ""review_count"": ""google_maps_via_serpapi"", ""maps_url"": ""google_maps_via_serpapi"", ""lead_score"": ""rule_based""}"
Lf3779369bb,Dattani Trade Centre,Corporate office,"Shree Shyamkunj Haveli, 16, Chandavarkar Rd, next to BMC R-C Office, behind Dattani Trade Centre, Shanti Nagar, Borivali West, Mumbai, Maharashtra 400092, India",,,,,https://www.google.com/maps/place/?q=place_id:ChIJf7HqbNew5zsRvCdmmOzTEHw,3.1,410,,,,11,Incomplete,"rating 3.1; 410 reviews | gaps: no phone, no email, no website | capped at 39: no direct contact (phone or email)",google_maps_via_serpapi,2026-10-01T06:45:26+00:00,no_website,"{""company_name"": ""google_maps_via_serpapi"", ""address"": ""google_maps_via_serpapi"", ""rating"": ""google_maps_via_serpapi"", ""review_count"": ""google_maps_via_serpapi"", ""maps_url"": ""google_maps_via_serpapi"", ""lead_score"": ""rule_based""}"
L5b0beca0c0,603 The Coworking Space,Coworking space,"Ground Floor, Hanuman Building, 300, Perin Nariman St, behind Reserve Bank of India, Kala Ghoda, Fort, Mumbai, Maharashtra 400001, India",,,,https://603thecoworkingspace.com,https://www.google.com/maps/place/?q=place_id:ChIJwWHPmFHR5zsRjNH3CfmAB30,,0,,,,10,Incomplete,"has website | gaps: no phone, no email | capped at 39: no direct contact (phone or email)",google_maps_via_serpapi,2026-10-01T06:45:19+00:00,ok,"{""company_name"": ""google_maps_via_serpapi"", ""address"": ""google_maps_via_serpapi"", ""website"": ""google_maps_via_serpapi"", ""maps_url"": ""google_maps_via_serpapi"", ""lead_score"": ""rule_based""}"
Lddb0718989,Co-Lab Spaces,Coworking space,"Laxmi Colony, Tolaram Colony, Chembur, Mumbai, Maharashtra 400074, India",,,,https://colabspaces.kesug.com,https://www.google.com/maps/place/?q=place_id:ChIJ2VAghizJ5zsRGYnF6MrYvLg,,0,,,,10,Incomplete,"has website | gaps: no phone, no email | capped at 39: no direct contact (phone or email)",google_maps_via_serpapi,2026-10-01T06:45:21+00:00,ok,"{""company_name"": ""google_maps_via_serpapi"", ""address"": ""google_maps_via_serpapi"", ""website"": ""google_maps_via_serpapi"", ""maps_url"": ""google_maps_via_serpapi"", ""lead_score"": ""rule_based""}"
Le4ca1c99a0,Co-working Space,Coworking space,"2nd floor, Shantinath Shopping Centre, 19/A, Swami Vivekanand Rd, Malad, Navy Colony, Mamledarwadi, Malad West, Mumbai, Maharashtra 400064, India",,,,,https://www.google.com/maps/place/?q=place_id:ChIJrWOAw9W35zsRSrI9j12qBcI,3,1,,,,3,Incomplete,"rating 3; 1 reviews | gaps: no phone, no email, no website | capped at 39: no direct contact (phone or email)",google_maps_via_serpapi,2026-10-01T06:45:00+00:00,no_website,"{""company_name"": ""google_maps_via_serpapi"", ""address"": ""google_maps_via_serpapi"", ""rating"": ""google_maps_via_serpapi"", ""review_count"": ""google_maps_via_serpapi"", ""maps_url"": ""google_maps_via_serpapi"", ""lead_score"": ""rule_based""}"
